dataelementUID,period,orgUnitUID,categoryOptionComboUID,ImplementingMechanismUID,dataValue,,
R6BJK9kAjtA,201809,UZlFjPJGpjz,janXJcbnVhV,VRVkk5IJ5H0,0,,
R6BJK9kAjtA,201809,UZlFjPJGpjz,uv5bz3PhcNC,VRVkk5IJ5H0,0,,
R6BJK9kAjtA,201809,UZlFjPJGpjz,fp5lDb6VDKl,VRVkk5IJ5H0,0,,
R6BJK9kAjtA,201809,UZlFjPJGpjz,QXlvFE1TwWE,VRVkk5IJ5H0,0,,
R6BJK9kAjtA,201809,UZlFjPJGpjz,hME9Aib5Nt2,VRVkk5IJ5H0,32,,
R6BJK9kAjtA,201809,UZlFjPJGpjz,XihRuQ4OzK7,VRVkk5IJ5H0,106,,
R6BJK9kAjtA,201809,UZlFjPJGpjz,kvpYWIAxU3M,VRVkk5IJ5H0,87,,
R6BJK9kAjtA,201809,UZlFjPJGpjz,Yoro0PHctSt,VRVkk5IJ5H0,55,,
R6BJK9kAjtA,201809,UZlFjPJGpjz,urNcxdgKV4E,VRVkk5IJ5H0,20,,
R6BJK9kAjtA,201809,UZlFjPJGpjz,mNs2cFcR4Kx,VRVkk5IJ5H0,6,,
R6BJK9kAjtA,201809,UZlFjPJGpjz,btv8socpQpp,VRVkk5IJ5H0,0,,
yHHWaNDFzES,201809,UZlFjPJGpjz,janXJcbnVhV,VRVkk5IJ5H0,0,,
yHHWaNDFzES,201809,UZlFjPJGpjz,uv5bz3PhcNC,VRVkk5IJ5H0,0,,
yHHWaNDFzES,201809,UZlFjPJGpjz,fp5lDb6VDKl,VRVkk5IJ5H0,0,,
yHHWaNDFzES,201809,UZlFjPJGpjz,QXlvFE1TwWE,VRVkk5IJ5H0,0,,
yHHWaNDFzES,201809,UZlFjPJGpjz,hME9Aib5Nt2,VRVkk5IJ5H0,32,,
yHHWaNDFzES,201809,UZlFjPJGpjz,XihRuQ4OzK7,VRVkk5IJ5H0,106,,
yHHWaNDFzES,201809,UZlFjPJGpjz,kvpYWIAxU3M,VRVkk5IJ5H0,87,,
yHHWaNDFzES,201809,UZlFjPJGpjz,Yoro0PHctSt,VRVkk5IJ5H0,55,,
yHHWaNDFzES,201809,UZlFjPJGpjz,urNcxdgKV4E,VRVkk5IJ5H0,20,,
yHHWaNDFzES,201809,UZlFjPJGpjz,mNs2cFcR4Kx,VRVkk5IJ5H0,6,,
yHHWaNDFzES,201809,UZlFjPJGpjz,btv8socpQpp,VRVkk5IJ5H0,0,,
Gwk0JOcf33J,201809,UZlFjPJGpjz,janXJcbnVhV,VRVkk5IJ5H0,0,,
Gwk0JOcf33J,201809,UZlFjPJGpjz,uv5bz3PhcNC,VRVkk5IJ5H0,0,,
Gwk0JOcf33J,201809,UZlFjPJGpjz,fp5lDb6VDKl,VRVkk5IJ5H0,0,,
Gwk0JOcf33J,201809,UZlFjPJGpjz,QXlvFE1TwWE,VRVkk5IJ5H0,0,,
Gwk0JOcf33J,201809,UZlFjPJGpjz,hME9Aib5Nt2,VRVkk5IJ5H0,2,,
Gwk0JOcf33J,201809,UZlFjPJGpjz,XihRuQ4OzK7,VRVkk5IJ5H0,6,,
Gwk0JOcf33J,201809,UZlFjPJGpjz,kvpYWIAxU3M,VRVkk5IJ5H0,13,,
Gwk0JOcf33J,201809,UZlFjPJGpjz,Yoro0PHctSt,VRVkk5IJ5H0,12,,
Gwk0JOcf33J,201809,UZlFjPJGpjz,urNcxdgKV4E,VRVkk5IJ5H0,6,,
Gwk0JOcf33J,201809,UZlFjPJGpjz,mNs2cFcR4Kx,VRVkk5IJ5H0,2,,
Gwk0JOcf33J,201809,UZlFjPJGpjz,btv8socpQpp,VRVkk5IJ5H0,0,,
MRedIj1P4Lp,201809,UZlFjPJGpjz,janXJcbnVhV,VRVkk5IJ5H0,0,,
MRedIj1P4Lp,201809,UZlFjPJGpjz,uv5bz3PhcNC,VRVkk5IJ5H0,0,,
MRedIj1P4Lp,201809,UZlFjPJGpjz,fp5lDb6VDKl,VRVkk5IJ5H0,0,,
MRedIj1P4Lp,201809,UZlFjPJGpjz,QXlvFE1TwWE,VRVkk5IJ5H0,0,,
MRedIj1P4Lp,201809,UZlFjPJGpjz,hME9Aib5Nt2,VRVkk5IJ5H0,30,,
MRedIj1P4Lp,201809,UZlFjPJGpjz,XihRuQ4OzK7,VRVkk5IJ5H0,100,,
MRedIj1P4Lp,201809,UZlFjPJGpjz,kvpYWIAxU3M,VRVkk5IJ5H0,74,,
MRedIj1P4Lp,201809,UZlFjPJGpjz,Yoro0PHctSt,VRVkk5IJ5H0,43,,
MRedIj1P4Lp,201809,UZlFjPJGpjz,urNcxdgKV4E,VRVkk5IJ5H0,14,,
MRedIj1P4Lp,201809,UZlFjPJGpjz,mNs2cFcR4Kx,VRVkk5IJ5H0,4,,
MRedIj1P4Lp,201809,UZlFjPJGpjz,btv8socpQpp,VRVkk5IJ5H0,0,,
COn6aObrQm8,201809,UZlFjPJGpjz,janXJcbnVhV,VRVkk5IJ5H0,0,,
COn6aObrQm8,201809,UZlFjPJGpjz,uv5bz3PhcNC,VRVkk5IJ5H0,0,,
COn6aObrQm8,201809,UZlFjPJGpjz,fp5lDb6VDKl,VRVkk5IJ5H0,0,,
COn6aObrQm8,201809,UZlFjPJGpjz,QXlvFE1TwWE,VRVkk5IJ5H0,0,,
COn6aObrQm8,201809,UZlFjPJGpjz,hME9Aib5Nt2,VRVkk5IJ5H0,30,,
COn6aObrQm8,201809,UZlFjPJGpjz,XihRuQ4OzK7,VRVkk5IJ5H0,100,,
COn6aObrQm8,201809,UZlFjPJGpjz,kvpYWIAxU3M,VRVkk5IJ5H0,74,,
COn6aObrQm8,201809,UZlFjPJGpjz,Yoro0PHctSt,VRVkk5IJ5H0,43,,
COn6aObrQm8,201809,UZlFjPJGpjz,urNcxdgKV4E,VRVkk5IJ5H0,14,,
COn6aObrQm8,201809,UZlFjPJGpjz,mNs2cFcR4Kx,VRVkk5IJ5H0,4,,
COn6aObrQm8,201809,UZlFjPJGpjz,btv8socpQpp,VRVkk5IJ5H0,0,,
VnTcloxnbDY,201809,UZlFjPJGpjz,janXJcbnVhV,VRVkk5IJ5H0,0,,
VnTcloxnbDY,201809,UZlFjPJGpjz,uv5bz3PhcNC,VRVkk5IJ5H0,0,,
VnTcloxnbDY,201809,UZlFjPJGpjz,fp5lDb6VDKl,VRVkk5IJ5H0,0,,
VnTcloxnbDY,201809,UZlFjPJGpjz,QXlvFE1TwWE,VRVkk5IJ5H0,0,,
VnTcloxnbDY,201809,UZlFjPJGpjz,hME9Aib5Nt2,VRVkk5IJ5H0,0,,
VnTcloxnbDY,201809,UZlFjPJGpjz,XihRuQ4OzK7,VRVkk5IJ5H0,5,,
VnTcloxnbDY,201809,UZlFjPJGpjz,kvpYWIAxU3M,VRVkk5IJ5H0,2,,
VnTcloxnbDY,201809,UZlFjPJGpjz,Yoro0PHctSt,VRVkk5IJ5H0,2,,
VnTcloxnbDY,201809,UZlFjPJGpjz,urNcxdgKV4E,VRVkk5IJ5H0,0,,
VnTcloxnbDY,201809,UZlFjPJGpjz,mNs2cFcR4Kx,VRVkk5IJ5H0,0,,
VnTcloxnbDY,201809,UZlFjPJGpjz,btv8socpQpp,VRVkk5IJ5H0,0,,
GVG50NqJ6R6,201809,UZlFjPJGpjz,janXJcbnVhV,VRVkk5IJ5H0,0,,
GVG50NqJ6R6,201809,UZlFjPJGpjz,uv5bz3PhcNC,VRVkk5IJ5H0,0,,
GVG50NqJ6R6,201809,UZlFjPJGpjz,fp5lDb6VDKl,VRVkk5IJ5H0,0,,
GVG50NqJ6R6,201809,UZlFjPJGpjz,QXlvFE1TwWE,VRVkk5IJ5H0,0,,
GVG50NqJ6R6,201809,UZlFjPJGpjz,hME9Aib5Nt2,VRVkk5IJ5H0,2,,
GVG50NqJ6R6,201809,UZlFjPJGpjz,XihRuQ4OzK7,VRVkk5IJ5H0,6,,
GVG50NqJ6R6,201809,UZlFjPJGpjz,kvpYWIAxU3M,VRVkk5IJ5H0,13,,
GVG50NqJ6R6,201809,UZlFjPJGpjz,Yoro0PHctSt,VRVkk5IJ5H0,12,,
GVG50NqJ6R6,201809,UZlFjPJGpjz,urNcxdgKV4E,VRVkk5IJ5H0,6,,
GVG50NqJ6R6,201809,UZlFjPJGpjz,mNs2cFcR4Kx,VRVkk5IJ5H0,2,,
GVG50NqJ6R6,201809,UZlFjPJGpjz,btv8socpQpp,VRVkk5IJ5H0,0,,
jsxF5LcRSEw,201809,UZlFjPJGpjz,janXJcbnVhV,VRVkk5IJ5H0,0,,
jsxF5LcRSEw,201809,UZlFjPJGpjz,uv5bz3PhcNC,VRVkk5IJ5H0,0,,
jsxF5LcRSEw,201809,UZlFjPJGpjz,fp5lDb6VDKl,VRVkk5IJ5H0,0,,
jsxF5LcRSEw,201809,UZlFjPJGpjz,QXlvFE1TwWE,VRVkk5IJ5H0,0,,
jsxF5LcRSEw,201809,UZlFjPJGpjz,hME9Aib5Nt2,VRVkk5IJ5H0,0,,
jsxF5LcRSEw,201809,UZlFjPJGpjz,XihRuQ4OzK7,VRVkk5IJ5H0,5,,
jsxF5LcRSEw,201809,UZlFjPJGpjz,kvpYWIAxU3M,VRVkk5IJ5H0,2,,
jsxF5LcRSEw,201809,UZlFjPJGpjz,Yoro0PHctSt,VRVkk5IJ5H0,2,,
jsxF5LcRSEw,201809,UZlFjPJGpjz,urNcxdgKV4E,VRVkk5IJ5H0,0,,
jsxF5LcRSEw,201809,UZlFjPJGpjz,mNs2cFcR4Kx,VRVkk5IJ5H0,0,,
jsxF5LcRSEw,201809,UZlFjPJGpjz,btv8socpQpp,VRVkk5IJ5H0,0,,
jJPO8gpmdBM,201809,UZlFjPJGpjz,janXJcbnVhV,VRVkk5IJ5H0,0,,
jJPO8gpmdBM,201809,UZlFjPJGpjz,uv5bz3PhcNC,VRVkk5IJ5H0,0,,
jJPO8gpmdBM,201809,UZlFjPJGpjz,fp5lDb6VDKl,VRVkk5IJ5H0,0,,
jJPO8gpmdBM,201809,UZlFjPJGpjz,QXlvFE1TwWE,VRVkk5IJ5H0,2,,
jJPO8gpmdBM,201809,UZlFjPJGpjz,hME9Aib5Nt2,VRVkk5IJ5H0,75,,
jJPO8gpmdBM,201809,UZlFjPJGpjz,XihRuQ4OzK7,VRVkk5IJ5H0,183,,
jJPO8gpmdBM,201809,UZlFjPJGpjz,kvpYWIAxU3M,VRVkk5IJ5H0,161,,
jJPO8gpmdBM,201809,UZlFjPJGpjz,Yoro0PHctSt,VRVkk5IJ5H0,61,,
jJPO8gpmdBM,201809,UZlFjPJGpjz,urNcxdgKV4E,VRVkk5IJ5H0,28,,
jJPO8gpmdBM,201809,UZlFjPJGpjz,mNs2cFcR4Kx,VRVkk5IJ5H0,3,,
jJPO8gpmdBM,201809,UZlFjPJGpjz,btv8socpQpp,VRVkk5IJ5H0,0,,
LyJ02aHyf2T,201809,UZlFjPJGpjz,janXJcbnVhV,VRVkk5IJ5H0,0,,
LyJ02aHyf2T,201809,UZlFjPJGpjz,uv5bz3PhcNC,VRVkk5IJ5H0,0,,
LyJ02aHyf2T,201809,UZlFjPJGpjz,fp5lDb6VDKl,VRVkk5IJ5H0,0,,
LyJ02aHyf2T,201809,UZlFjPJGpjz,QXlvFE1TwWE,VRVkk5IJ5H0,2,,
LyJ02aHyf2T,201809,UZlFjPJGpjz,hME9Aib5Nt2,VRVkk5IJ5H0,75,,
LyJ02aHyf2T,201809,UZlFjPJGpjz,XihRuQ4OzK7,VRVkk5IJ5H0,183,,
LyJ02aHyf2T,201809,UZlFjPJGpjz,kvpYWIAxU3M,VRVkk5IJ5H0,161,,
LyJ02aHyf2T,201809,UZlFjPJGpjz,Yoro0PHctSt,VRVkk5IJ5H0,61,,
LyJ02aHyf2T,201809,UZlFjPJGpjz,urNcxdgKV4E,VRVkk5IJ5H0,28,,
LyJ02aHyf2T,201809,UZlFjPJGpjz,mNs2cFcR4Kx,VRVkk5IJ5H0,3,,
LyJ02aHyf2T,201809,UZlFjPJGpjz,btv8socpQpp,VRVkk5IJ5H0,0,,
Dp2BluMlYeG,201809,UZlFjPJGpjz,janXJcbnVhV,VRVkk5IJ5H0,0,,
Dp2BluMlYeG,201809,UZlFjPJGpjz,uv5bz3PhcNC,VRVkk5IJ5H0,0,,
Dp2BluMlYeG,201809,UZlFjPJGpjz,fp5lDb6VDKl,VRVkk5IJ5H0,0,,
Dp2BluMlYeG,201809,UZlFjPJGpjz,QXlvFE1TwWE,VRVkk5IJ5H0,0,,
Dp2BluMlYeG,201809,UZlFjPJGpjz,hME9Aib5Nt2,VRVkk5IJ5H0,3,,
Dp2BluMlYeG,201809,UZlFjPJGpjz,XihRuQ4OzK7,VRVkk5IJ5H0,27,,
Dp2BluMlYeG,201809,UZlFjPJGpjz,kvpYWIAxU3M,VRVkk5IJ5H0,25,,
Dp2BluMlYeG,201809,UZlFjPJGpjz,Yoro0PHctSt,VRVkk5IJ5H0,14,,
Dp2BluMlYeG,201809,UZlFjPJGpjz,urNcxdgKV4E,VRVkk5IJ5H0,4,,
Dp2BluMlYeG,201809,UZlFjPJGpjz,mNs2cFcR4Kx,VRVkk5IJ5H0,0,,
Dp2BluMlYeG,201809,UZlFjPJGpjz,btv8socpQpp,VRVkk5IJ5H0,0,,
wulrt1a1G19,201809,UZlFjPJGpjz,janXJcbnVhV,VRVkk5IJ5H0,0,,
wulrt1a1G19,201809,UZlFjPJGpjz,uv5bz3PhcNC,VRVkk5IJ5H0,0,,
wulrt1a1G19,201809,UZlFjPJGpjz,fp5lDb6VDKl,VRVkk5IJ5H0,0,,
wulrt1a1G19,201809,UZlFjPJGpjz,QXlvFE1TwWE,VRVkk5IJ5H0,2,,
wulrt1a1G19,201809,UZlFjPJGpjz,hME9Aib5Nt2,VRVkk5IJ5H0,52,,
wulrt1a1G19,201809,UZlFjPJGpjz,XihRuQ4OzK7,VRVkk5IJ5H0,129,,
wulrt1a1G19,201809,UZlFjPJGpjz,kvpYWIAxU3M,VRVkk5IJ5H0,105,,
wulrt1a1G19,201809,UZlFjPJGpjz,Yoro0PHctSt,VRVkk5IJ5H0,43,,
wulrt1a1G19,201809,UZlFjPJGpjz,urNcxdgKV4E,VRVkk5IJ5H0,7,,
wulrt1a1G19,201809,UZlFjPJGpjz,mNs2cFcR4Kx,VRVkk5IJ5H0,1,,
wulrt1a1G19,201809,UZlFjPJGpjz,btv8socpQpp,VRVkk5IJ5H0,0,,
sNyI9S34XE2,201809,UZlFjPJGpjz,janXJcbnVhV,VRVkk5IJ5H0,0,,
sNyI9S34XE2,201809,UZlFjPJGpjz,uv5bz3PhcNC,VRVkk5IJ5H0,0,,
sNyI9S34XE2,201809,UZlFjPJGpjz,fp5lDb6VDKl,VRVkk5IJ5H0,0,,
sNyI9S34XE2,201809,UZlFjPJGpjz,QXlvFE1TwWE,VRVkk5IJ5H0,2,,
sNyI9S34XE2,201809,UZlFjPJGpjz,hME9Aib5Nt2,VRVkk5IJ5H0,51,,
sNyI9S34XE2,201809,UZlFjPJGpjz,XihRuQ4OzK7,VRVkk5IJ5H0,129,,
sNyI9S34XE2,201809,UZlFjPJGpjz,kvpYWIAxU3M,VRVkk5IJ5H0,105,,
sNyI9S34XE2,201809,UZlFjPJGpjz,Yoro0PHctSt,VRVkk5IJ5H0,43,,
sNyI9S34XE2,201809,UZlFjPJGpjz,urNcxdgKV4E,VRVkk5IJ5H0,7,,
sNyI9S34XE2,201809,UZlFjPJGpjz,mNs2cFcR4Kx,VRVkk5IJ5H0,1,,
sNyI9S34XE2,201809,UZlFjPJGpjz,btv8socpQpp,VRVkk5IJ5H0,0,,
VLfynOFRYlh,201809,UZlFjPJGpjz,janXJcbnVhV,VRVkk5IJ5H0,0,,
VLfynOFRYlh,201809,UZlFjPJGpjz,uv5bz3PhcNC,VRVkk5IJ5H0,0,,
VLfynOFRYlh,201809,UZlFjPJGpjz,fp5lDb6VDKl,VRVkk5IJ5H0,0,,
VLfynOFRYlh,201809,UZlFjPJGpjz,QXlvFE1TwWE,VRVkk5IJ5H0,0,,
VLfynOFRYlh,201809,UZlFjPJGpjz,hME9Aib5Nt2,VRVkk5IJ5H0,1,,
VLfynOFRYlh,201809,UZlFjPJGpjz,XihRuQ4OzK7,VRVkk5IJ5H0,2,,
VLfynOFRYlh,201809,UZlFjPJGpjz,kvpYWIAxU3M,VRVkk5IJ5H0,2,,
VLfynOFRYlh,201809,UZlFjPJGpjz,Yoro0PHctSt,VRVkk5IJ5H0,0,,
VLfynOFRYlh,201809,UZlFjPJGpjz,urNcxdgKV4E,VRVkk5IJ5H0,0,,
VLfynOFRYlh,201809,UZlFjPJGpjz,mNs2cFcR4Kx,VRVkk5IJ5H0,0,,
VLfynOFRYlh,201809,UZlFjPJGpjz,btv8socpQpp,VRVkk5IJ5H0,0,,
ZGbRCL7mzav,201809,UZlFjPJGpjz,janXJcbnVhV,VRVkk5IJ5H0,0,,
ZGbRCL7mzav,201809,UZlFjPJGpjz,uv5bz3PhcNC,VRVkk5IJ5H0,0,,
ZGbRCL7mzav,201809,UZlFjPJGpjz,fp5lDb6VDKl,VRVkk5IJ5H0,0,,
ZGbRCL7mzav,201809,UZlFjPJGpjz,QXlvFE1TwWE,VRVkk5IJ5H0,0,,
ZGbRCL7mzav,201809,UZlFjPJGpjz,hME9Aib5Nt2,VRVkk5IJ5H0,4,,
ZGbRCL7mzav,201809,UZlFjPJGpjz,XihRuQ4OzK7,VRVkk5IJ5H0,29,,
ZGbRCL7mzav,201809,UZlFjPJGpjz,kvpYWIAxU3M,VRVkk5IJ5H0,27,,
ZGbRCL7mzav,201809,UZlFjPJGpjz,Yoro0PHctSt,VRVkk5IJ5H0,14,,
ZGbRCL7mzav,201809,UZlFjPJGpjz,urNcxdgKV4E,VRVkk5IJ5H0,4,,
ZGbRCL7mzav,201809,UZlFjPJGpjz,mNs2cFcR4Kx,VRVkk5IJ5H0,0,,
ZGbRCL7mzav,201809,UZlFjPJGpjz,btv8socpQpp,VRVkk5IJ5H0,0,,
kVcZUOJY5NA,201809,UZlFjPJGpjz,janXJcbnVhV,VRVkk5IJ5H0,0,,
kVcZUOJY5NA,201809,UZlFjPJGpjz,uv5bz3PhcNC,VRVkk5IJ5H0,0,,
kVcZUOJY5NA,201809,UZlFjPJGpjz,fp5lDb6VDKl,VRVkk5IJ5H0,0,,
kVcZUOJY5NA,201809,UZlFjPJGpjz,QXlvFE1TwWE,VRVkk5IJ5H0,2,,
kVcZUOJY5NA,201809,UZlFjPJGpjz,hME9Aib5Nt2,VRVkk5IJ5H0,82,,
kVcZUOJY5NA,201809,UZlFjPJGpjz,XihRuQ4OzK7,VRVkk5IJ5H0,508,,
kVcZUOJY5NA,201809,UZlFjPJGpjz,kvpYWIAxU3M,VRVkk5IJ5H0,500,,
kVcZUOJY5NA,201809,UZlFjPJGpjz,Yoro0PHctSt,VRVkk5IJ5H0,308,,
kVcZUOJY5NA,201809,UZlFjPJGpjz,urNcxdgKV4E,VRVkk5IJ5H0,83,,
kVcZUOJY5NA,201809,UZlFjPJGpjz,mNs2cFcR4Kx,VRVkk5IJ5H0,19,,
kVcZUOJY5NA,201809,UZlFjPJGpjz,btv8socpQpp,VRVkk5IJ5H0,0,,
KUEhvLf3slZ,201809,UZlFjPJGpjz,janXJcbnVhV,VRVkk5IJ5H0,0,,
KUEhvLf3slZ,201809,UZlFjPJGpjz,uv5bz3PhcNC,VRVkk5IJ5H0,0,,
KUEhvLf3slZ,201809,UZlFjPJGpjz,fp5lDb6VDKl,VRVkk5IJ5H0,0,,
KUEhvLf3slZ,201809,UZlFjPJGpjz,QXlvFE1TwWE,VRVkk5IJ5H0,2,,
KUEhvLf3slZ,201809,UZlFjPJGpjz,hME9Aib5Nt2,VRVkk5IJ5H0,82,,
KUEhvLf3slZ,201809,UZlFjPJGpjz,XihRuQ4OzK7,VRVkk5IJ5H0,508,,
KUEhvLf3slZ,201809,UZlFjPJGpjz,kvpYWIAxU3M,VRVkk5IJ5H0,500,,
KUEhvLf3slZ,201809,UZlFjPJGpjz,Yoro0PHctSt,VRVkk5IJ5H0,308,,
KUEhvLf3slZ,201809,UZlFjPJGpjz,urNcxdgKV4E,VRVkk5IJ5H0,83,,
KUEhvLf3slZ,201809,UZlFjPJGpjz,mNs2cFcR4Kx,VRVkk5IJ5H0,19,,
KUEhvLf3slZ,201809,UZlFjPJGpjz,btv8socpQpp,VRVkk5IJ5H0,0,,
dmATsIE4fMR,201809,UZlFjPJGpjz,janXJcbnVhV,VRVkk5IJ5H0,0,,
dmATsIE4fMR,201809,UZlFjPJGpjz,uv5bz3PhcNC,VRVkk5IJ5H0,0,,
dmATsIE4fMR,201809,UZlFjPJGpjz,fp5lDb6VDKl,VRVkk5IJ5H0,0,,
dmATsIE4fMR,201809,UZlFjPJGpjz,QXlvFE1TwWE,VRVkk5IJ5H0,0,,
dmATsIE4fMR,201809,UZlFjPJGpjz,hME9Aib5Nt2,VRVkk5IJ5H0,7,,
dmATsIE4fMR,201809,UZlFjPJGpjz,XihRuQ4OzK7,VRVkk5IJ5H0,71,,
dmATsIE4fMR,201809,UZlFjPJGpjz,kvpYWIAxU3M,VRVkk5IJ5H0,106,,
dmATsIE4fMR,201809,UZlFjPJGpjz,Yoro0PHctSt,VRVkk5IJ5H0,105,,
dmATsIE4fMR,201809,UZlFjPJGpjz,urNcxdgKV4E,VRVkk5IJ5H0,40,,
dmATsIE4fMR,201809,UZlFjPJGpjz,mNs2cFcR4Kx,VRVkk5IJ5H0,5,,
dmATsIE4fMR,201809,UZlFjPJGpjz,btv8socpQpp,VRVkk5IJ5H0,0,,
QMmVaKoRLx1,201809,UZlFjPJGpjz,janXJcbnVhV,VRVkk5IJ5H0,0,,
QMmVaKoRLx1,201809,UZlFjPJGpjz,uv5bz3PhcNC,VRVkk5IJ5H0,0,,
QMmVaKoRLx1,201809,UZlFjPJGpjz,fp5lDb6VDKl,VRVkk5IJ5H0,0,,
QMmVaKoRLx1,201809,UZlFjPJGpjz,QXlvFE1TwWE,VRVkk5IJ5H0,0,,
QMmVaKoRLx1,201809,UZlFjPJGpjz,hME9Aib5Nt2,VRVkk5IJ5H0,29,,
QMmVaKoRLx1,201809,UZlFjPJGpjz,XihRuQ4OzK7,VRVkk5IJ5H0,189,,
QMmVaKoRLx1,201809,UZlFjPJGpjz,kvpYWIAxU3M,VRVkk5IJ5H0,106,,
QMmVaKoRLx1,201809,UZlFjPJGpjz,Yoro0PHctSt,VRVkk5IJ5H0,86,,
QMmVaKoRLx1,201809,UZlFjPJGpjz,urNcxdgKV4E,VRVkk5IJ5H0,18,,
QMmVaKoRLx1,201809,UZlFjPJGpjz,mNs2cFcR4Kx,VRVkk5IJ5H0,3,,
QMmVaKoRLx1,201809,UZlFjPJGpjz,btv8socpQpp,VRVkk5IJ5H0,0,,
yiqKwz8F3hb,201809,UZlFjPJGpjz,janXJcbnVhV,VRVkk5IJ5H0,0,,
yiqKwz8F3hb,201809,UZlFjPJGpjz,uv5bz3PhcNC,VRVkk5IJ5H0,0,,
yiqKwz8F3hb,201809,UZlFjPJGpjz,fp5lDb6VDKl,VRVkk5IJ5H0,0,,
yiqKwz8F3hb,201809,UZlFjPJGpjz,QXlvFE1TwWE,VRVkk5IJ5H0,0,,
yiqKwz8F3hb,201809,UZlFjPJGpjz,hME9Aib5Nt2,VRVkk5IJ5H0,29,,
yiqKwz8F3hb,201809,UZlFjPJGpjz,XihRuQ4OzK7,VRVkk5IJ5H0,189,,
yiqKwz8F3hb,201809,UZlFjPJGpjz,kvpYWIAxU3M,VRVkk5IJ5H0,106,,
yiqKwz8F3hb,201809,UZlFjPJGpjz,Yoro0PHctSt,VRVkk5IJ5H0,86,,
yiqKwz8F3hb,201809,UZlFjPJGpjz,urNcxdgKV4E,VRVkk5IJ5H0,18,,
yiqKwz8F3hb,201809,UZlFjPJGpjz,mNs2cFcR4Kx,VRVkk5IJ5H0,3,,
yiqKwz8F3hb,201809,UZlFjPJGpjz,btv8socpQpp,VRVkk5IJ5H0,0,,
BVLdraqzJEb,201809,UZlFjPJGpjz,janXJcbnVhV,VRVkk5IJ5H0,0,,
BVLdraqzJEb,201809,UZlFjPJGpjz,uv5bz3PhcNC,VRVkk5IJ5H0,0,,
BVLdraqzJEb,201809,UZlFjPJGpjz,fp5lDb6VDKl,VRVkk5IJ5H0,0,,
BVLdraqzJEb,201809,UZlFjPJGpjz,QXlvFE1TwWE,VRVkk5IJ5H0,0,,
BVLdraqzJEb,201809,UZlFjPJGpjz,hME9Aib5Nt2,VRVkk5IJ5H0,0,,
BVLdraqzJEb,201809,UZlFjPJGpjz,XihRuQ4OzK7,VRVkk5IJ5H0,0,,
BVLdraqzJEb,201809,UZlFjPJGpjz,kvpYWIAxU3M,VRVkk5IJ5H0,0,,
BVLdraqzJEb,201809,UZlFjPJGpjz,Yoro0PHctSt,VRVkk5IJ5H0,1,,
BVLdraqzJEb,201809,UZlFjPJGpjz,urNcxdgKV4E,VRVkk5IJ5H0,0,,
BVLdraqzJEb,201809,UZlFjPJGpjz,mNs2cFcR4Kx,VRVkk5IJ5H0,0,,
BVLdraqzJEb,201809,UZlFjPJGpjz,btv8socpQpp,VRVkk5IJ5H0,0,,
HAmfAXZWRyU,201809,UZlFjPJGpjz,janXJcbnVhV,VRVkk5IJ5H0,0,,
HAmfAXZWRyU,201809,UZlFjPJGpjz,uv5bz3PhcNC,VRVkk5IJ5H0,0,,
HAmfAXZWRyU,201809,UZlFjPJGpjz,fp5lDb6VDKl,VRVkk5IJ5H0,0,,
HAmfAXZWRyU,201809,UZlFjPJGpjz,QXlvFE1TwWE,VRVkk5IJ5H0,0,,
HAmfAXZWRyU,201809,UZlFjPJGpjz,hME9Aib5Nt2,VRVkk5IJ5H0,7,,
HAmfAXZWRyU,201809,UZlFjPJGpjz,XihRuQ4OzK7,VRVkk5IJ5H0,71,,
HAmfAXZWRyU,201809,UZlFjPJGpjz,kvpYWIAxU3M,VRVkk5IJ5H0,106,,
HAmfAXZWRyU,201809,UZlFjPJGpjz,Yoro0PHctSt,VRVkk5IJ5H0,106,,
HAmfAXZWRyU,201809,UZlFjPJGpjz,urNcxdgKV4E,VRVkk5IJ5H0,40,,
HAmfAXZWRyU,201809,UZlFjPJGpjz,mNs2cFcR4Kx,VRVkk5IJ5H0,5,,
HAmfAXZWRyU,201809,UZlFjPJGpjz,btv8socpQpp,VRVkk5IJ5H0,0,,
AIyJ3MgbgA3,201809,UZlFjPJGpjz,HllvX50cXC0,VRVkk5IJ5H0,242,,
tqVwpWq51Pa,201809,UZlFjPJGpjz,HllvX50cXC0,VRVkk5IJ5H0,242,,
NbT3FrJlJJy,201809,UZlFjPJGpjz,HllvX50cXC0,VRVkk5IJ5H0,19,,
eMABCaKMFGc,201809,UZlFjPJGpjz,HllvX50cXC0,VRVkk5IJ5H0,185,,
q6aAXIlNLYx,201809,UZlFjPJGpjz,HllvX50cXC0,VRVkk5IJ5H0,38,,
tBRNuDKuSYV,201809,UZlFjPJGpjz,HllvX50cXC0,VRVkk5IJ5H0,37,,
KWKGzzL61nM,201809,UZlFjPJGpjz,HllvX50cXC0,VRVkk5IJ5H0,0,,
KqqD1raY9PG,201809,UZlFjPJGpjz,HllvX50cXC0,VRVkk5IJ5H0,0,,
R8QYYHlqaRr,201809,UZlFjPJGpjz,HllvX50cXC0,VRVkk5IJ5H0,0,,
JoCwq2CUTkx,201809,UZlFjPJGpjz,HllvX50cXC0,VRVkk5IJ5H0,211,,
HoYWAFIeXGq,201809,UZlFjPJGpjz,HllvX50cXC0,VRVkk5IJ5H0,180,,
KQWGVX9d3vQ,201809,UZlFjPJGpjz,HllvX50cXC0,VRVkk5IJ5H0,30,,
t70vUm19phD,201809,UZlFjPJGpjz,HllvX50cXC0,VRVkk5IJ5H0,1,,
LHlIJcON5jb,201809,UZlFjPJGpjz,HllvX50cXC0,VRVkk5IJ5H0,31,,
cHF6TgYvNA1,201809,UZlFjPJGpjz,HllvX50cXC0,VRVkk5IJ5H0,1,,
jlw9bGQfK3v,201809,UZlFjPJGpjz,HllvX50cXC0,VRVkk5IJ5H0,31,,
hfkl85eDiTJ,201809,UZlFjPJGpjz,HllvX50cXC0,VRVkk5IJ5H0,1,,
lbsjbiZtnHi,201809,UZlFjPJGpjz,HllvX50cXC0,VRVkk5IJ5H0,31,,
nYAVYXhrzZK,201809,UZlFjPJGpjz,HllvX50cXC0,VRVkk5IJ5H0,1,,
Dihazmj04Vm,201809,UZlFjPJGpjz,HllvX50cXC0,VRVkk5IJ5H0,0,,
PkNJW8arXkv,201809,UZlFjPJGpjz,HllvX50cXC0,VRVkk5IJ5H0,0,,
I9mzgnUTe8K,201809,UZlFjPJGpjz,HllvX50cXC0,VRVkk5IJ5H0,0,,
DlppLOSKTa9,201809,UZlFjPJGpjz,HllvX50cXC0,VRVkk5IJ5H0,52,,
OVS7VuMn1ig,201809,UZlFjPJGpjz,HllvX50cXC0,VRVkk5IJ5H0,36,,
Fw2QhXVoxpW,201809,UZlFjPJGpjz,HllvX50cXC0,VRVkk5IJ5H0,16,,
oPefyYxL7IG,201809,UZlFjPJGpjz,HllvX50cXC0,VRVkk5IJ5H0,0,,
vGT1UBiO8zj,201809,UZlFjPJGpjz,HllvX50cXC0,VRVkk5IJ5H0,16,,
bdsAqPW80Me,201809,UZlFjPJGpjz,HllvX50cXC0,VRVkk5IJ5H0,0,,
FhKAjmFlK3n,201809,UZlFjPJGpjz,HllvX50cXC0,VRVkk5IJ5H0,16,,
eWSU4xSzB24,201809,UZlFjPJGpjz,HllvX50cXC0,VRVkk5IJ5H0,0,,
CuAnST0Z23r,201809,UZlFjPJGpjz,HllvX50cXC0,VRVkk5IJ5H0,16,,
XueNdwPeW72,201809,UZlFjPJGpjz,HllvX50cXC0,VRVkk5IJ5H0,0,,
D06U6X1hhk1,201809,UZlFjPJGpjz,HllvX50cXC0,VRVkk5IJ5H0,0,,
foytEaiP6tG,201809,UZlFjPJGpjz,HllvX50cXC0,VRVkk5IJ5H0,0,,
mRemjsNvbwP,201809,UZlFjPJGpjz,HllvX50cXC0,VRVkk5IJ5H0,0,,
x9w9Uw7ptSo,201809,UZlFjPJGpjz,HllvX50cXC0,VRVkk5IJ5H0,0,,
sgFyzVlyYqt,201809,UZlFjPJGpjz,HllvX50cXC0,VRVkk5IJ5H0,0,,
UIDypXNmfd4,201809,UZlFjPJGpjz,HllvX50cXC0,VRVkk5IJ5H0,0,,
jNySP7gFBlH,201809,UZlFjPJGpjz,HllvX50cXC0,VRVkk5IJ5H0,0,,
XOLkkcEmJfR,201809,UZlFjPJGpjz,HllvX50cXC0,VRVkk5IJ5H0,0,,
gxKTbT4HFrw,201809,UZlFjPJGpjz,HllvX50cXC0,VRVkk5IJ5H0,0,,
ECuUBQmshIk,201809,UZlFjPJGpjz,HllvX50cXC0,VRVkk5IJ5H0,0,,
eqkn6JSNSUt,201809,UZlFjPJGpjz,HllvX50cXC0,VRVkk5IJ5H0,0,,
WQaia11KtKh,201809,UZlFjPJGpjz,HllvX50cXC0,VRVkk5IJ5H0,0,,
E21fq1FimrW,201809,UZlFjPJGpjz,HllvX50cXC0,VRVkk5IJ5H0,0,,
kWjgeBjysUd,201809,UZlFjPJGpjz,HllvX50cXC0,VRVkk5IJ5H0,0,,
B6nP8zY6U38,201809,UZlFjPJGpjz,HllvX50cXC0,VRVkk5IJ5H0,0,,
J9VH1yWAtz2,201809,UZlFjPJGpjz,HllvX50cXC0,VRVkk5IJ5H0,0,,
KjJvjz8tJ5D,201809,UZlFjPJGpjz,HllvX50cXC0,VRVkk5IJ5H0,0,,
Qk0NGpcaYSB,201809,UZlFjPJGpjz,janXJcbnVhV,VRVkk5IJ5H0,0,,
Qk0NGpcaYSB,201809,UZlFjPJGpjz,uv5bz3PhcNC,VRVkk5IJ5H0,8,,
Qk0NGpcaYSB,201809,UZlFjPJGpjz,fp5lDb6VDKl,VRVkk5IJ5H0,0,,
Qk0NGpcaYSB,201809,UZlFjPJGpjz,QXlvFE1TwWE,VRVkk5IJ5H0,0,,
Qk0NGpcaYSB,201809,UZlFjPJGpjz,hME9Aib5Nt2,VRVkk5IJ5H0,3,,
Qk0NGpcaYSB,201809,UZlFjPJGpjz,XihRuQ4OzK7,VRVkk5IJ5H0,2,,
Qk0NGpcaYSB,201809,UZlFjPJGpjz,kvpYWIAxU3M,VRVkk5IJ5H0,1,,
Qk0NGpcaYSB,201809,UZlFjPJGpjz,Yoro0PHctSt,VRVkk5IJ5H0,1,,
Qk0NGpcaYSB,201809,UZlFjPJGpjz,urNcxdgKV4E,VRVkk5IJ5H0,0,,
Qk0NGpcaYSB,201809,UZlFjPJGpjz,mNs2cFcR4Kx,VRVkk5IJ5H0,0,,
Qk0NGpcaYSB,201809,UZlFjPJGpjz,btv8socpQpp,VRVkk5IJ5H0,1,,
JjgNhAmVeA4,201809,UZlFjPJGpjz,janXJcbnVhV,VRVkk5IJ5H0,0,,
JjgNhAmVeA4,201809,UZlFjPJGpjz,uv5bz3PhcNC,VRVkk5IJ5H0,8,,
JjgNhAmVeA4,201809,UZlFjPJGpjz,fp5lDb6VDKl,VRVkk5IJ5H0,0,,
JjgNhAmVeA4,201809,UZlFjPJGpjz,QXlvFE1TwWE,VRVkk5IJ5H0,0,,
JjgNhAmVeA4,201809,UZlFjPJGpjz,hME9Aib5Nt2,VRVkk5IJ5H0,3,,
JjgNhAmVeA4,201809,UZlFjPJGpjz,XihRuQ4OzK7,VRVkk5IJ5H0,2,,
JjgNhAmVeA4,201809,UZlFjPJGpjz,kvpYWIAxU3M,VRVkk5IJ5H0,1,,
JjgNhAmVeA4,201809,UZlFjPJGpjz,Yoro0PHctSt,VRVkk5IJ5H0,1,,
JjgNhAmVeA4,201809,UZlFjPJGpjz,urNcxdgKV4E,VRVkk5IJ5H0,0,,
JjgNhAmVeA4,201809,UZlFjPJGpjz,mNs2cFcR4Kx,VRVkk5IJ5H0,0,,
JjgNhAmVeA4,201809,UZlFjPJGpjz,btv8socpQpp,VRVkk5IJ5H0,1,,
QWoGrhouz8F,201809,UZlFjPJGpjz,janXJcbnVhV,VRVkk5IJ5H0,0,,
QWoGrhouz8F,201809,UZlFjPJGpjz,uv5bz3PhcNC,VRVkk5IJ5H0,0,,
QWoGrhouz8F,201809,UZlFjPJGpjz,fp5lDb6VDKl,VRVkk5IJ5H0,0,,
QWoGrhouz8F,201809,UZlFjPJGpjz,QXlvFE1TwWE,VRVkk5IJ5H0,0,,
QWoGrhouz8F,201809,UZlFjPJGpjz,hME9Aib5Nt2,VRVkk5IJ5H0,0,,
QWoGrhouz8F,201809,UZlFjPJGpjz,XihRuQ4OzK7,VRVkk5IJ5H0,0,,
QWoGrhouz8F,201809,UZlFjPJGpjz,kvpYWIAxU3M,VRVkk5IJ5H0,0,,
QWoGrhouz8F,201809,UZlFjPJGpjz,Yoro0PHctSt,VRVkk5IJ5H0,0,,
QWoGrhouz8F,201809,UZlFjPJGpjz,urNcxdgKV4E,VRVkk5IJ5H0,0,,
QWoGrhouz8F,201809,UZlFjPJGpjz,mNs2cFcR4Kx,VRVkk5IJ5H0,0,,
QWoGrhouz8F,201809,UZlFjPJGpjz,btv8socpQpp,VRVkk5IJ5H0,0,,
TDfzQj97r9i,201809,UZlFjPJGpjz,janXJcbnVhV,VRVkk5IJ5H0,0,,
TDfzQj97r9i,201809,UZlFjPJGpjz,uv5bz3PhcNC,VRVkk5IJ5H0,0,,
TDfzQj97r9i,201809,UZlFjPJGpjz,fp5lDb6VDKl,VRVkk5IJ5H0,0,,
TDfzQj97r9i,201809,UZlFjPJGpjz,QXlvFE1TwWE,VRVkk5IJ5H0,0,,
TDfzQj97r9i,201809,UZlFjPJGpjz,hME9Aib5Nt2,VRVkk5IJ5H0,3,,
TDfzQj97r9i,201809,UZlFjPJGpjz,XihRuQ4OzK7,VRVkk5IJ5H0,2,,
TDfzQj97r9i,201809,UZlFjPJGpjz,kvpYWIAxU3M,VRVkk5IJ5H0,1,,
TDfzQj97r9i,201809,UZlFjPJGpjz,Yoro0PHctSt,VRVkk5IJ5H0,1,,
TDfzQj97r9i,201809,UZlFjPJGpjz,urNcxdgKV4E,VRVkk5IJ5H0,0,,
TDfzQj97r9i,201809,UZlFjPJGpjz,mNs2cFcR4Kx,VRVkk5IJ5H0,0,,
TDfzQj97r9i,201809,UZlFjPJGpjz,btv8socpQpp,VRVkk5IJ5H0,1,,
J62lYaCQNAl,201809,UZlFjPJGpjz,janXJcbnVhV,VRVkk5IJ5H0,0,,
J62lYaCQNAl,201809,UZlFjPJGpjz,uv5bz3PhcNC,VRVkk5IJ5H0,0,,
J62lYaCQNAl,201809,UZlFjPJGpjz,fp5lDb6VDKl,VRVkk5IJ5H0,0,,
J62lYaCQNAl,201809,UZlFjPJGpjz,QXlvFE1TwWE,VRVkk5IJ5H0,0,,
J62lYaCQNAl,201809,UZlFjPJGpjz,hME9Aib5Nt2,VRVkk5IJ5H0,3,,
J62lYaCQNAl,201809,UZlFjPJGpjz,XihRuQ4OzK7,VRVkk5IJ5H0,2,,
J62lYaCQNAl,201809,UZlFjPJGpjz,kvpYWIAxU3M,VRVkk5IJ5H0,1,,
J62lYaCQNAl,201809,UZlFjPJGpjz,Yoro0PHctSt,VRVkk5IJ5H0,1,,
J62lYaCQNAl,201809,UZlFjPJGpjz,urNcxdgKV4E,VRVkk5IJ5H0,0,,
J62lYaCQNAl,201809,UZlFjPJGpjz,mNs2cFcR4Kx,VRVkk5IJ5H0,0,,
J62lYaCQNAl,201809,UZlFjPJGpjz,btv8socpQpp,VRVkk5IJ5H0,1,,
EbIrwXqu6QP,201809,UZlFjPJGpjz,janXJcbnVhV,VRVkk5IJ5H0,0,,
EbIrwXqu6QP,201809,UZlFjPJGpjz,uv5bz3PhcNC,VRVkk5IJ5H0,0,,
EbIrwXqu6QP,201809,UZlFjPJGpjz,fp5lDb6VDKl,VRVkk5IJ5H0,0,,
EbIrwXqu6QP,201809,UZlFjPJGpjz,QXlvFE1TwWE,VRVkk5IJ5H0,0,,
EbIrwXqu6QP,201809,UZlFjPJGpjz,hME9Aib5Nt2,VRVkk5IJ5H0,0,,
EbIrwXqu6QP,201809,UZlFjPJGpjz,XihRuQ4OzK7,VRVkk5IJ5H0,0,,
EbIrwXqu6QP,201809,UZlFjPJGpjz,kvpYWIAxU3M,VRVkk5IJ5H0,0,,
EbIrwXqu6QP,201809,UZlFjPJGpjz,Yoro0PHctSt,VRVkk5IJ5H0,0,,
EbIrwXqu6QP,201809,UZlFjPJGpjz,urNcxdgKV4E,VRVkk5IJ5H0,0,,
EbIrwXqu6QP,201809,UZlFjPJGpjz,mNs2cFcR4Kx,VRVkk5IJ5H0,0,,
EbIrwXqu6QP,201809,UZlFjPJGpjz,btv8socpQpp,VRVkk5IJ5H0,0,,
dGw2mnd0Fqr,201809,UZlFjPJGpjz,janXJcbnVhV,VRVkk5IJ5H0,0,,
dGw2mnd0Fqr,201809,UZlFjPJGpjz,uv5bz3PhcNC,VRVkk5IJ5H0,0,,
dGw2mnd0Fqr,201809,UZlFjPJGpjz,fp5lDb6VDKl,VRVkk5IJ5H0,0,,
dGw2mnd0Fqr,201809,UZlFjPJGpjz,QXlvFE1TwWE,VRVkk5IJ5H0,0,,
dGw2mnd0Fqr,201809,UZlFjPJGpjz,hME9Aib5Nt2,VRVkk5IJ5H0,0,,
dGw2mnd0Fqr,201809,UZlFjPJGpjz,XihRuQ4OzK7,VRVkk5IJ5H0,0,,
dGw2mnd0Fqr,201809,UZlFjPJGpjz,kvpYWIAxU3M,VRVkk5IJ5H0,0,,
dGw2mnd0Fqr,201809,UZlFjPJGpjz,Yoro0PHctSt,VRVkk5IJ5H0,0,,
dGw2mnd0Fqr,201809,UZlFjPJGpjz,urNcxdgKV4E,VRVkk5IJ5H0,0,,
dGw2mnd0Fqr,201809,UZlFjPJGpjz,mNs2cFcR4Kx,VRVkk5IJ5H0,0,,
dGw2mnd0Fqr,201809,UZlFjPJGpjz,btv8socpQpp,VRVkk5IJ5H0,0,,
tH9ZuFW1Po8,201809,UZlFjPJGpjz,janXJcbnVhV,VRVkk5IJ5H0,0,,
tH9ZuFW1Po8,201809,UZlFjPJGpjz,uv5bz3PhcNC,VRVkk5IJ5H0,8,,
tH9ZuFW1Po8,201809,UZlFjPJGpjz,fp5lDb6VDKl,VRVkk5IJ5H0,0,,
tH9ZuFW1Po8,201809,UZlFjPJGpjz,QXlvFE1TwWE,VRVkk5IJ5H0,0,,
tH9ZuFW1Po8,201809,UZlFjPJGpjz,hME9Aib5Nt2,VRVkk5IJ5H0,2,,
tH9ZuFW1Po8,201809,UZlFjPJGpjz,XihRuQ4OzK7,VRVkk5IJ5H0,2,,
tH9ZuFW1Po8,201809,UZlFjPJGpjz,kvpYWIAxU3M,VRVkk5IJ5H0,1,,
tH9ZuFW1Po8,201809,UZlFjPJGpjz,Yoro0PHctSt,VRVkk5IJ5H0,1,,
tH9ZuFW1Po8,201809,UZlFjPJGpjz,urNcxdgKV4E,VRVkk5IJ5H0,0,,
tH9ZuFW1Po8,201809,UZlFjPJGpjz,mNs2cFcR4Kx,VRVkk5IJ5H0,0,,
tH9ZuFW1Po8,201809,UZlFjPJGpjz,btv8socpQpp,VRVkk5IJ5H0,0,,
XVWxwXZEhW8,201809,UZlFjPJGpjz,QX7SwWX17aS,VRVkk5IJ5H0,0,,
XVWxwXZEhW8,201809,UZlFjPJGpjz,WYSDv1z50pc,VRVkk5IJ5H0,0,,
v1yXDWiEpEg,201809,UZlFjPJGpjz,QX7SwWX17aS,VRVkk5IJ5H0,0,,
v1yXDWiEpEg,201809,UZlFjPJGpjz,WYSDv1z50pc,VRVkk5IJ5H0,0,,
Z1MRsrbvySf,201809,UZlFjPJGpjz,moHvHAp9iJu,VRVkk5IJ5H0,11,,
Z1MRsrbvySf,201809,UZlFjPJGpjz,PP69EUi5YoI,VRVkk5IJ5H0,3,,
Jy5wXoRIAKX,201809,UZlFjPJGpjz,moHvHAp9iJu,VRVkk5IJ5H0,11,,
Jy5wXoRIAKX,201809,UZlFjPJGpjz,PP69EUi5YoI,VRVkk5IJ5H0,3,,
YQXj5Y5mnBb,201809,UZlFjPJGpjz,uBDlgoDYgvA,VRVkk5IJ5H0,0,,
YQXj5Y5mnBb,201809,UZlFjPJGpjz,n6fMblV8up1,VRVkk5IJ5H0,0,,
xzwoKmWKYuF,201809,UZlFjPJGpjz,jT0VLMOLsjn,VRVkk5IJ5H0,7,,
xzwoKmWKYuF,201809,UZlFjPJGpjz,aIes0EjUpm9,VRVkk5IJ5H0,93,,
YQXj5Y5mnBb,201809,UZlFjPJGpjz,ozNjAl8bzht,VRVkk5IJ5H0,24,,
YQXj5Y5mnBb,201809,UZlFjPJGpjz,vrBQGquPQp0,VRVkk5IJ5H0,21,,
YQXj5Y5mnBb,201809,UZlFjPJGpjz,EufuDrSc6d5,VRVkk5IJ5H0,101,,
YQXj5Y5mnBb,201809,UZlFjPJGpjz,NgrF5pZ9HTB,VRVkk5IJ5H0,26,,
YQXj5Y5mnBb,201809,UZlFjPJGpjz,xS2y9mP36RN,VRVkk5IJ5H0,221,,
YQXj5Y5mnBb,201809,UZlFjPJGpjz,GqWVZnebAQN,VRVkk5IJ5H0,28,,
YQXj5Y5mnBb,201809,UZlFjPJGpjz,yy9nEO4jmGR,VRVkk5IJ5H0,187,,
YQXj5Y5mnBb,201809,UZlFjPJGpjz,Q4C03CVDy0H,VRVkk5IJ5H0,25,,
YQXj5Y5mnBb,201809,UZlFjPJGpjz,fcyJdfMIZpc,VRVkk5IJ5H0,82,,
YQXj5Y5mnBb,201809,UZlFjPJGpjz,TOL6pMwmdDp,VRVkk5IJ5H0,28,,
YQXj5Y5mnBb,201809,UZlFjPJGpjz,kwvi5zTYpke,VRVkk5IJ5H0,58,,
YQXj5Y5mnBb,201809,UZlFjPJGpjz,WA418YuHF0x,VRVkk5IJ5H0,27,,
YQXj5Y5mnBb,201809,UZlFjPJGpjz,BvWUn5WIq0D,VRVkk5IJ5H0,40,,
YQXj5Y5mnBb,201809,UZlFjPJGpjz,woniJkHwY4l,VRVkk5IJ5H0,31,,
YQXj5Y5mnBb,201809,UZlFjPJGpjz,UoUIcFuUfQG,VRVkk5IJ5H0,73,,
YQXj5Y5mnBb,201809,UZlFjPJGpjz,HbYDRvlv3VK,VRVkk5IJ5H0,86,,
THpeR5VvcA2,201809,UZlFjPJGpjz,uBDlgoDYgvA,VRVkk5IJ5H0,0,,
THpeR5VvcA2,201809,UZlFjPJGpjz,n6fMblV8up1,VRVkk5IJ5H0,0,,
BqLf3FMKVGE,201809,UZlFjPJGpjz,jT0VLMOLsjn,VRVkk5IJ5H0,0,,
BqLf3FMKVGE,201809,UZlFjPJGpjz,aIes0EjUpm9,VRVkk5IJ5H0,0,,
THpeR5VvcA2,201809,UZlFjPJGpjz,ozNjAl8bzht,VRVkk5IJ5H0,0,,
THpeR5VvcA2,201809,UZlFjPJGpjz,vrBQGquPQp0,VRVkk5IJ5H0,1,,
THpeR5VvcA2,201809,UZlFjPJGpjz,EufuDrSc6d5,VRVkk5IJ5H0,3,,
THpeR5VvcA2,201809,UZlFjPJGpjz,NgrF5pZ9HTB,VRVkk5IJ5H0,3,,
THpeR5VvcA2,201809,UZlFjPJGpjz,xS2y9mP36RN,VRVkk5IJ5H0,33,,
THpeR5VvcA2,201809,UZlFjPJGpjz,GqWVZnebAQN,VRVkk5IJ5H0,1,,
THpeR5VvcA2,201809,UZlFjPJGpjz,yy9nEO4jmGR,VRVkk5IJ5H0,31,,
THpeR5VvcA2,201809,UZlFjPJGpjz,Q4C03CVDy0H,VRVkk5IJ5H0,2,,
THpeR5VvcA2,201809,UZlFjPJGpjz,fcyJdfMIZpc,VRVkk5IJ5H0,20,,
THpeR5VvcA2,201809,UZlFjPJGpjz,TOL6pMwmdDp,VRVkk5IJ5H0,8,,
THpeR5VvcA2,201809,UZlFjPJGpjz,kwvi5zTYpke,VRVkk5IJ5H0,12,,
THpeR5VvcA2,201809,UZlFjPJGpjz,WA418YuHF0x,VRVkk5IJ5H0,10,,
THpeR5VvcA2,201809,UZlFjPJGpjz,BvWUn5WIq0D,VRVkk5IJ5H0,17,,
THpeR5VvcA2,201809,UZlFjPJGpjz,woniJkHwY4l,VRVkk5IJ5H0,12,,
THpeR5VvcA2,201809,UZlFjPJGpjz,UoUIcFuUfQG,VRVkk5IJ5H0,8,,
THpeR5VvcA2,201809,UZlFjPJGpjz,HbYDRvlv3VK,VRVkk5IJ5H0,16,,
GFIOrOaoyQz,201809,UZlFjPJGpjz,uBDlgoDYgvA,VRVkk5IJ5H0,0,,
GFIOrOaoyQz,201809,UZlFjPJGpjz,n6fMblV8up1,VRVkk5IJ5H0,0,,
QgFryPXu53Q,201809,UZlFjPJGpjz,jT0VLMOLsjn,VRVkk5IJ5H0,0,,
QgFryPXu53Q,201809,UZlFjPJGpjz,aIes0EjUpm9,VRVkk5IJ5H0,74,,
GFIOrOaoyQz,201809,UZlFjPJGpjz,ozNjAl8bzht,VRVkk5IJ5H0,17,,
GFIOrOaoyQz,201809,UZlFjPJGpjz,vrBQGquPQp0,VRVkk5IJ5H0,17,,
GFIOrOaoyQz,201809,UZlFjPJGpjz,EufuDrSc6d5,VRVkk5IJ5H0,74,,
GFIOrOaoyQz,201809,UZlFjPJGpjz,NgrF5pZ9HTB,VRVkk5IJ5H0,20,,
GFIOrOaoyQz,201809,UZlFjPJGpjz,xS2y9mP36RN,VRVkk5IJ5H0,162,,
GFIOrOaoyQz,201809,UZlFjPJGpjz,GqWVZnebAQN,VRVkk5IJ5H0,23,,
GFIOrOaoyQz,201809,UZlFjPJGpjz,yy9nEO4jmGR,VRVkk5IJ5H0,127,,
GFIOrOaoyQz,201809,UZlFjPJGpjz,Q4C03CVDy0H,VRVkk5IJ5H0,23,,
GFIOrOaoyQz,201809,UZlFjPJGpjz,fcyJdfMIZpc,VRVkk5IJ5H0,51,,
GFIOrOaoyQz,201809,UZlFjPJGpjz,TOL6pMwmdDp,VRVkk5IJ5H0,18,,
GFIOrOaoyQz,201809,UZlFjPJGpjz,kwvi5zTYpke,VRVkk5IJ5H0,18,,
GFIOrOaoyQz,201809,UZlFjPJGpjz,WA418YuHF0x,VRVkk5IJ5H0,14,,
GFIOrOaoyQz,201809,UZlFjPJGpjz,BvWUn5WIq0D,VRVkk5IJ5H0,15,,
GFIOrOaoyQz,201809,UZlFjPJGpjz,woniJkHwY4l,VRVkk5IJ5H0,19,,
GFIOrOaoyQz,201809,UZlFjPJGpjz,UoUIcFuUfQG,VRVkk5IJ5H0,62,,
GFIOrOaoyQz,201809,UZlFjPJGpjz,HbYDRvlv3VK,VRVkk5IJ5H0,57,,
gn13meFIxB6,201809,UZlFjPJGpjz,uBDlgoDYgvA,VRVkk5IJ5H0,0,,
gn13meFIxB6,201809,UZlFjPJGpjz,n6fMblV8up1,VRVkk5IJ5H0,0,,
mA3eoY4eSxI,201809,UZlFjPJGpjz,jT0VLMOLsjn,VRVkk5IJ5H0,0,,
mA3eoY4eSxI,201809,UZlFjPJGpjz,aIes0EjUpm9,VRVkk5IJ5H0,74,,
gn13meFIxB6,201809,UZlFjPJGpjz,ozNjAl8bzht,VRVkk5IJ5H0,17,,
gn13meFIxB6,201809,UZlFjPJGpjz,vrBQGquPQp0,VRVkk5IJ5H0,17,,
gn13meFIxB6,201809,UZlFjPJGpjz,EufuDrSc6d5,VRVkk5IJ5H0,74,,
gn13meFIxB6,201809,UZlFjPJGpjz,NgrF5pZ9HTB,VRVkk5IJ5H0,19,,
gn13meFIxB6,201809,UZlFjPJGpjz,xS2y9mP36RN,VRVkk5IJ5H0,162,,
gn13meFIxB6,201809,UZlFjPJGpjz,GqWVZnebAQN,VRVkk5IJ5H0,22,,
gn13meFIxB6,201809,UZlFjPJGpjz,yy9nEO4jmGR,VRVkk5IJ5H0,126,,
gn13meFIxB6,201809,UZlFjPJGpjz,Q4C03CVDy0H,VRVkk5IJ5H0,22,,
gn13meFIxB6,201809,UZlFjPJGpjz,fcyJdfMIZpc,VRVkk5IJ5H0,51,,
gn13meFIxB6,201809,UZlFjPJGpjz,TOL6pMwmdDp,VRVkk5IJ5H0,16,,
gn13meFIxB6,201809,UZlFjPJGpjz,kwvi5zTYpke,VRVkk5IJ5H0,18,,
gn13meFIxB6,201809,UZlFjPJGpjz,WA418YuHF0x,VRVkk5IJ5H0,13,,
gn13meFIxB6,201809,UZlFjPJGpjz,BvWUn5WIq0D,VRVkk5IJ5H0,15,,
gn13meFIxB6,201809,UZlFjPJGpjz,woniJkHwY4l,VRVkk5IJ5H0,18,,
gn13meFIxB6,201809,UZlFjPJGpjz,UoUIcFuUfQG,VRVkk5IJ5H0,59,,
gn13meFIxB6,201809,UZlFjPJGpjz,HbYDRvlv3VK,VRVkk5IJ5H0,51,,
JssyH7xu3Ay,201809,UZlFjPJGpjz,uBDlgoDYgvA,VRVkk5IJ5H0,0,,
JssyH7xu3Ay,201809,UZlFjPJGpjz,n6fMblV8up1,VRVkk5IJ5H0,0,,
sa4FEEghFo8,201809,UZlFjPJGpjz,jT0VLMOLsjn,VRVkk5IJ5H0,0,,
sa4FEEghFo8,201809,UZlFjPJGpjz,aIes0EjUpm9,VRVkk5IJ5H0,0,,
JssyH7xu3Ay,201809,UZlFjPJGpjz,ozNjAl8bzht,VRVkk5IJ5H0,0,,
JssyH7xu3Ay,201809,UZlFjPJGpjz,vrBQGquPQp0,VRVkk5IJ5H0,0,,
JssyH7xu3Ay,201809,UZlFjPJGpjz,EufuDrSc6d5,VRVkk5IJ5H0,1,,
JssyH7xu3Ay,201809,UZlFjPJGpjz,NgrF5pZ9HTB,VRVkk5IJ5H0,0,,
JssyH7xu3Ay,201809,UZlFjPJGpjz,xS2y9mP36RN,VRVkk5IJ5H0,2,,
JssyH7xu3Ay,201809,UZlFjPJGpjz,GqWVZnebAQN,VRVkk5IJ5H0,0,,
JssyH7xu3Ay,201809,UZlFjPJGpjz,yy9nEO4jmGR,VRVkk5IJ5H0,4,,
JssyH7xu3Ay,201809,UZlFjPJGpjz,Q4C03CVDy0H,VRVkk5IJ5H0,2,,
JssyH7xu3Ay,201809,UZlFjPJGpjz,fcyJdfMIZpc,VRVkk5IJ5H0,0,,
JssyH7xu3Ay,201809,UZlFjPJGpjz,TOL6pMwmdDp,VRVkk5IJ5H0,0,,
JssyH7xu3Ay,201809,UZlFjPJGpjz,kwvi5zTYpke,VRVkk5IJ5H0,0,,
JssyH7xu3Ay,201809,UZlFjPJGpjz,WA418YuHF0x,VRVkk5IJ5H0,0,,
JssyH7xu3Ay,201809,UZlFjPJGpjz,BvWUn5WIq0D,VRVkk5IJ5H0,0,,
JssyH7xu3Ay,201809,UZlFjPJGpjz,woniJkHwY4l,VRVkk5IJ5H0,4,,
JssyH7xu3Ay,201809,UZlFjPJGpjz,UoUIcFuUfQG,VRVkk5IJ5H0,0,,
JssyH7xu3Ay,201809,UZlFjPJGpjz,HbYDRvlv3VK,VRVkk5IJ5H0,1,,
NNGymYRs1wU,201809,UZlFjPJGpjz,uBDlgoDYgvA,VRVkk5IJ5H0,0,,
NNGymYRs1wU,201809,UZlFjPJGpjz,n6fMblV8up1,VRVkk5IJ5H0,0,,
LnpGyQE2c2i,201809,UZlFjPJGpjz,jT0VLMOLsjn,VRVkk5IJ5H0,0,,
LnpGyQE2c2i,201809,UZlFjPJGpjz,aIes0EjUpm9,VRVkk5IJ5H0,0,,
NNGymYRs1wU,201809,UZlFjPJGpjz,ozNjAl8bzht,VRVkk5IJ5H0,0,,
NNGymYRs1wU,201809,UZlFjPJGpjz,vrBQGquPQp0,VRVkk5IJ5H0,0,,
NNGymYRs1wU,201809,UZlFjPJGpjz,EufuDrSc6d5,VRVkk5IJ5H0,1,,
NNGymYRs1wU,201809,UZlFjPJGpjz,NgrF5pZ9HTB,VRVkk5IJ5H0,0,,
NNGymYRs1wU,201809,UZlFjPJGpjz,xS2y9mP36RN,VRVkk5IJ5H0,2,,
NNGymYRs1wU,201809,UZlFjPJGpjz,GqWVZnebAQN,VRVkk5IJ5H0,0,,
NNGymYRs1wU,201809,UZlFjPJGpjz,yy9nEO4jmGR,VRVkk5IJ5H0,4,,
NNGymYRs1wU,201809,UZlFjPJGpjz,Q4C03CVDy0H,VRVkk5IJ5H0,1,,
NNGymYRs1wU,201809,UZlFjPJGpjz,fcyJdfMIZpc,VRVkk5IJ5H0,0,,
NNGymYRs1wU,201809,UZlFjPJGpjz,TOL6pMwmdDp,VRVkk5IJ5H0,0,,
NNGymYRs1wU,201809,UZlFjPJGpjz,kwvi5zTYpke,VRVkk5IJ5H0,0,,
NNGymYRs1wU,201809,UZlFjPJGpjz,WA418YuHF0x,VRVkk5IJ5H0,0,,
NNGymYRs1wU,201809,UZlFjPJGpjz,BvWUn5WIq0D,VRVkk5IJ5H0,0,,
NNGymYRs1wU,201809,UZlFjPJGpjz,woniJkHwY4l,VRVkk5IJ5H0,3,,
NNGymYRs1wU,201809,UZlFjPJGpjz,UoUIcFuUfQG,VRVkk5IJ5H0,0,,
NNGymYRs1wU,201809,UZlFjPJGpjz,HbYDRvlv3VK,VRVkk5IJ5H0,1,,
LmFvBWm1afi,201809,UZlFjPJGpjz,ap4HIPIUT9b,VRVkk5IJ5H0,0,,
LmFvBWm1afi,201809,UZlFjPJGpjz,XEVHw7wRrN1,VRVkk5IJ5H0,0,,
q1xS6VIXdBJ,201809,UZlFjPJGpjz,Or4hH8IjbIT,VRVkk5IJ5H0,0,,
q1xS6VIXdBJ,201809,UZlFjPJGpjz,xA9IckN8pAv,VRVkk5IJ5H0,0,,
LmFvBWm1afi,201809,UZlFjPJGpjz,Cxgy6IH7UCo,VRVkk5IJ5H0,0,,
LmFvBWm1afi,201809,UZlFjPJGpjz,CuuFXnLWdFq,VRVkk5IJ5H0,0,,
LmFvBWm1afi,201809,UZlFjPJGpjz,vtl7w3GYcbA,VRVkk5IJ5H0,10,,
LmFvBWm1afi,201809,UZlFjPJGpjz,P4RwMsGuea6,VRVkk5IJ5H0,2,,
LmFvBWm1afi,201809,UZlFjPJGpjz,Sz2xvPSQ00R,VRVkk5IJ5H0,36,,
LmFvBWm1afi,201809,UZlFjPJGpjz,mNOecOXWTXf,VRVkk5IJ5H0,7,,
LmFvBWm1afi,201809,UZlFjPJGpjz,BaVnq8qfW1g,VRVkk5IJ5H0,24,,
LmFvBWm1afi,201809,UZlFjPJGpjz,Nf5SleiWuq0,VRVkk5IJ5H0,6,,
LmFvBWm1afi,201809,UZlFjPJGpjz,PoDv76mNIWu,VRVkk5IJ5H0,12,,
LmFvBWm1afi,201809,UZlFjPJGpjz,tjo4BVmFqFH,VRVkk5IJ5H0,10,,
LmFvBWm1afi,201809,UZlFjPJGpjz,p6Sn1tZ6ndd,VRVkk5IJ5H0,11,,
LmFvBWm1afi,201809,UZlFjPJGpjz,r9rhmyMnxbr,VRVkk5IJ5H0,10,,
LmFvBWm1afi,201809,UZlFjPJGpjz,ZnDRk3nJarm,VRVkk5IJ5H0,3,,
LmFvBWm1afi,201809,UZlFjPJGpjz,HlfLLwJmGHr,VRVkk5IJ5H0,4,,
LmFvBWm1afi,201809,UZlFjPJGpjz,f0WXulflktZ,VRVkk5IJ5H0,2,,
LmFvBWm1afi,201809,UZlFjPJGpjz,A9ji1BR3sVy,VRVkk5IJ5H0,0,,
YQXj5Y5mnBb,201809,UZlFjPJGpjz,ap4HIPIUT9b,VRVkk5IJ5H0,0,,
YQXj5Y5mnBb,201809,UZlFjPJGpjz,XEVHw7wRrN1,VRVkk5IJ5H0,0,,
xzwoKmWKYuF,201809,UZlFjPJGpjz,Or4hH8IjbIT,VRVkk5IJ5H0,0,,
xzwoKmWKYuF,201809,UZlFjPJGpjz,xA9IckN8pAv,VRVkk5IJ5H0,0,,
YQXj5Y5mnBb,201809,UZlFjPJGpjz,Cxgy6IH7UCo,VRVkk5IJ5H0,0,,
YQXj5Y5mnBb,201809,UZlFjPJGpjz,CuuFXnLWdFq,VRVkk5IJ5H0,0,,
YQXj5Y5mnBb,201809,UZlFjPJGpjz,vtl7w3GYcbA,VRVkk5IJ5H0,10,,
YQXj5Y5mnBb,201809,UZlFjPJGpjz,P4RwMsGuea6,VRVkk5IJ5H0,2,,
YQXj5Y5mnBb,201809,UZlFjPJGpjz,Sz2xvPSQ00R,VRVkk5IJ5H0,36,,
YQXj5Y5mnBb,201809,UZlFjPJGpjz,mNOecOXWTXf,VRVkk5IJ5H0,7,,
YQXj5Y5mnBb,201809,UZlFjPJGpjz,BaVnq8qfW1g,VRVkk5IJ5H0,24,,
YQXj5Y5mnBb,201809,UZlFjPJGpjz,Nf5SleiWuq0,VRVkk5IJ5H0,6,,
YQXj5Y5mnBb,201809,UZlFjPJGpjz,PoDv76mNIWu,VRVkk5IJ5H0,12,,
YQXj5Y5mnBb,201809,UZlFjPJGpjz,tjo4BVmFqFH,VRVkk5IJ5H0,10,,
YQXj5Y5mnBb,201809,UZlFjPJGpjz,p6Sn1tZ6ndd,VRVkk5IJ5H0,11,,
YQXj5Y5mnBb,201809,UZlFjPJGpjz,r9rhmyMnxbr,VRVkk5IJ5H0,10,,
YQXj5Y5mnBb,201809,UZlFjPJGpjz,ZnDRk3nJarm,VRVkk5IJ5H0,3,,
YQXj5Y5mnBb,201809,UZlFjPJGpjz,HlfLLwJmGHr,VRVkk5IJ5H0,4,,
YQXj5Y5mnBb,201809,UZlFjPJGpjz,f0WXulflktZ,VRVkk5IJ5H0,2,,
YQXj5Y5mnBb,201809,UZlFjPJGpjz,A9ji1BR3sVy,VRVkk5IJ5H0,0,,
THpeR5VvcA2,201809,UZlFjPJGpjz,ap4HIPIUT9b,VRVkk5IJ5H0,0,,
THpeR5VvcA2,201809,UZlFjPJGpjz,XEVHw7wRrN1,VRVkk5IJ5H0,0,,
BqLf3FMKVGE,201809,UZlFjPJGpjz,Or4hH8IjbIT,VRVkk5IJ5H0,0,,
BqLf3FMKVGE,201809,UZlFjPJGpjz,xA9IckN8pAv,VRVkk5IJ5H0,0,,
THpeR5VvcA2,201809,UZlFjPJGpjz,Cxgy6IH7UCo,VRVkk5IJ5H0,0,,
THpeR5VvcA2,201809,UZlFjPJGpjz,CuuFXnLWdFq,VRVkk5IJ5H0,0,,
THpeR5VvcA2,201809,UZlFjPJGpjz,vtl7w3GYcbA,VRVkk5IJ5H0,0,,
THpeR5VvcA2,201809,UZlFjPJGpjz,P4RwMsGuea6,VRVkk5IJ5H0,0,,
THpeR5VvcA2,201809,UZlFjPJGpjz,Sz2xvPSQ00R,VRVkk5IJ5H0,5,,
THpeR5VvcA2,201809,UZlFjPJGpjz,mNOecOXWTXf,VRVkk5IJ5H0,0,,
THpeR5VvcA2,201809,UZlFjPJGpjz,BaVnq8qfW1g,VRVkk5IJ5H0,5,,
THpeR5VvcA2,201809,UZlFjPJGpjz,Nf5SleiWuq0,VRVkk5IJ5H0,0,,
THpeR5VvcA2,201809,UZlFjPJGpjz,PoDv76mNIWu,VRVkk5IJ5H0,0,,
THpeR5VvcA2,201809,UZlFjPJGpjz,tjo4BVmFqFH,VRVkk5IJ5H0,4,,
THpeR5VvcA2,201809,UZlFjPJGpjz,p6Sn1tZ6ndd,VRVkk5IJ5H0,0,,
THpeR5VvcA2,201809,UZlFjPJGpjz,r9rhmyMnxbr,VRVkk5IJ5H0,0,,
THpeR5VvcA2,201809,UZlFjPJGpjz,ZnDRk3nJarm,VRVkk5IJ5H0,0,,
THpeR5VvcA2,201809,UZlFjPJGpjz,HlfLLwJmGHr,VRVkk5IJ5H0,0,,
THpeR5VvcA2,201809,UZlFjPJGpjz,f0WXulflktZ,VRVkk5IJ5H0,0,,
THpeR5VvcA2,201809,UZlFjPJGpjz,A9ji1BR3sVy,VRVkk5IJ5H0,0,,
GFIOrOaoyQz,201809,UZlFjPJGpjz,ap4HIPIUT9b,VRVkk5IJ5H0,0,,
GFIOrOaoyQz,201809,UZlFjPJGpjz,XEVHw7wRrN1,VRVkk5IJ5H0,0,,
QgFryPXu53Q,201809,UZlFjPJGpjz,Or4hH8IjbIT,VRVkk5IJ5H0,0,,
QgFryPXu53Q,201809,UZlFjPJGpjz,xA9IckN8pAv,VRVkk5IJ5H0,0,,
GFIOrOaoyQz,201809,UZlFjPJGpjz,Cxgy6IH7UCo,VRVkk5IJ5H0,0,,
GFIOrOaoyQz,201809,UZlFjPJGpjz,CuuFXnLWdFq,VRVkk5IJ5H0,0,,
GFIOrOaoyQz,201809,UZlFjPJGpjz,vtl7w3GYcbA,VRVkk5IJ5H0,7,,
GFIOrOaoyQz,201809,UZlFjPJGpjz,P4RwMsGuea6,VRVkk5IJ5H0,0,,
GFIOrOaoyQz,201809,UZlFjPJGpjz,Sz2xvPSQ00R,VRVkk5IJ5H0,26,,
GFIOrOaoyQz,201809,UZlFjPJGpjz,mNOecOXWTXf,VRVkk5IJ5H0,4,,
GFIOrOaoyQz,201809,UZlFjPJGpjz,BaVnq8qfW1g,VRVkk5IJ5H0,13,,
GFIOrOaoyQz,201809,UZlFjPJGpjz,Nf5SleiWuq0,VRVkk5IJ5H0,5,,
GFIOrOaoyQz,201809,UZlFjPJGpjz,PoDv76mNIWu,VRVkk5IJ5H0,11,,
GFIOrOaoyQz,201809,UZlFjPJGpjz,tjo4BVmFqFH,VRVkk5IJ5H0,3,,
GFIOrOaoyQz,201809,UZlFjPJGpjz,p6Sn1tZ6ndd,VRVkk5IJ5H0,8,,
GFIOrOaoyQz,201809,UZlFjPJGpjz,r9rhmyMnxbr,VRVkk5IJ5H0,3,,
GFIOrOaoyQz,201809,UZlFjPJGpjz,ZnDRk3nJarm,VRVkk5IJ5H0,2,,
GFIOrOaoyQz,201809,UZlFjPJGpjz,HlfLLwJmGHr,VRVkk5IJ5H0,2,,
GFIOrOaoyQz,201809,UZlFjPJGpjz,f0WXulflktZ,VRVkk5IJ5H0,2,,
GFIOrOaoyQz,201809,UZlFjPJGpjz,A9ji1BR3sVy,VRVkk5IJ5H0,0,,
gn13meFIxB6,201809,UZlFjPJGpjz,ap4HIPIUT9b,VRVkk5IJ5H0,0,,
gn13meFIxB6,201809,UZlFjPJGpjz,XEVHw7wRrN1,VRVkk5IJ5H0,0,,
mA3eoY4eSxI,201809,UZlFjPJGpjz,Or4hH8IjbIT,VRVkk5IJ5H0,0,,
mA3eoY4eSxI,201809,UZlFjPJGpjz,xA9IckN8pAv,VRVkk5IJ5H0,0,,
gn13meFIxB6,201809,UZlFjPJGpjz,Cxgy6IH7UCo,VRVkk5IJ5H0,0,,
gn13meFIxB6,201809,UZlFjPJGpjz,CuuFXnLWdFq,VRVkk5IJ5H0,0,,
gn13meFIxB6,201809,UZlFjPJGpjz,vtl7w3GYcbA,VRVkk5IJ5H0,7,,
gn13meFIxB6,201809,UZlFjPJGpjz,P4RwMsGuea6,VRVkk5IJ5H0,0,,
gn13meFIxB6,201809,UZlFjPJGpjz,Sz2xvPSQ00R,VRVkk5IJ5H0,26,,
gn13meFIxB6,201809,UZlFjPJGpjz,mNOecOXWTXf,VRVkk5IJ5H0,4,,
gn13meFIxB6,201809,UZlFjPJGpjz,BaVnq8qfW1g,VRVkk5IJ5H0,13,,
gn13meFIxB6,201809,UZlFjPJGpjz,Nf5SleiWuq0,VRVkk5IJ5H0,5,,
gn13meFIxB6,201809,UZlFjPJGpjz,PoDv76mNIWu,VRVkk5IJ5H0,11,,
gn13meFIxB6,201809,UZlFjPJGpjz,tjo4BVmFqFH,VRVkk5IJ5H0,3,,
gn13meFIxB6,201809,UZlFjPJGpjz,p6Sn1tZ6ndd,VRVkk5IJ5H0,8,,
gn13meFIxB6,201809,UZlFjPJGpjz,r9rhmyMnxbr,VRVkk5IJ5H0,3,,
gn13meFIxB6,201809,UZlFjPJGpjz,ZnDRk3nJarm,VRVkk5IJ5H0,2,,
gn13meFIxB6,201809,UZlFjPJGpjz,HlfLLwJmGHr,VRVkk5IJ5H0,2,,
gn13meFIxB6,201809,UZlFjPJGpjz,f0WXulflktZ,VRVkk5IJ5H0,2,,
gn13meFIxB6,201809,UZlFjPJGpjz,A9ji1BR3sVy,VRVkk5IJ5H0,0,,
JssyH7xu3Ay,201809,UZlFjPJGpjz,ap4HIPIUT9b,VRVkk5IJ5H0,0,,
JssyH7xu3Ay,201809,UZlFjPJGpjz,XEVHw7wRrN1,VRVkk5IJ5H0,0,,
sa4FEEghFo8,201809,UZlFjPJGpjz,Or4hH8IjbIT,VRVkk5IJ5H0,0,,
sa4FEEghFo8,201809,UZlFjPJGpjz,xA9IckN8pAv,VRVkk5IJ5H0,0,,
JssyH7xu3Ay,201809,UZlFjPJGpjz,Cxgy6IH7UCo,VRVkk5IJ5H0,0,,
JssyH7xu3Ay,201809,UZlFjPJGpjz,CuuFXnLWdFq,VRVkk5IJ5H0,0,,
JssyH7xu3Ay,201809,UZlFjPJGpjz,vtl7w3GYcbA,VRVkk5IJ5H0,0,,
JssyH7xu3Ay,201809,UZlFjPJGpjz,P4RwMsGuea6,VRVkk5IJ5H0,0,,
JssyH7xu3Ay,201809,UZlFjPJGpjz,Sz2xvPSQ00R,VRVkk5IJ5H0,1,,
JssyH7xu3Ay,201809,UZlFjPJGpjz,mNOecOXWTXf,VRVkk5IJ5H0,0,,
JssyH7xu3Ay,201809,UZlFjPJGpjz,BaVnq8qfW1g,VRVkk5IJ5H0,1,,
JssyH7xu3Ay,201809,UZlFjPJGpjz,Nf5SleiWuq0,VRVkk5IJ5H0,0,,
JssyH7xu3Ay,201809,UZlFjPJGpjz,PoDv76mNIWu,VRVkk5IJ5H0,0,,
JssyH7xu3Ay,201809,UZlFjPJGpjz,tjo4BVmFqFH,VRVkk5IJ5H0,0,,
JssyH7xu3Ay,201809,UZlFjPJGpjz,p6Sn1tZ6ndd,VRVkk5IJ5H0,0,,
JssyH7xu3Ay,201809,UZlFjPJGpjz,r9rhmyMnxbr,VRVkk5IJ5H0,0,,
JssyH7xu3Ay,201809,UZlFjPJGpjz,ZnDRk3nJarm,VRVkk5IJ5H0,0,,
JssyH7xu3Ay,201809,UZlFjPJGpjz,HlfLLwJmGHr,VRVkk5IJ5H0,0,,
JssyH7xu3Ay,201809,UZlFjPJGpjz,f0WXulflktZ,VRVkk5IJ5H0,0,,
JssyH7xu3Ay,201809,UZlFjPJGpjz,A9ji1BR3sVy,VRVkk5IJ5H0,0,,
NNGymYRs1wU,201809,UZlFjPJGpjz,ap4HIPIUT9b,VRVkk5IJ5H0,0,,
NNGymYRs1wU,201809,UZlFjPJGpjz,XEVHw7wRrN1,VRVkk5IJ5H0,0,,
LnpGyQE2c2i,201809,UZlFjPJGpjz,Or4hH8IjbIT,VRVkk5IJ5H0,0,,
LnpGyQE2c2i,201809,UZlFjPJGpjz,xA9IckN8pAv,VRVkk5IJ5H0,0,,
NNGymYRs1wU,201809,UZlFjPJGpjz,Cxgy6IH7UCo,VRVkk5IJ5H0,0,,
NNGymYRs1wU,201809,UZlFjPJGpjz,CuuFXnLWdFq,VRVkk5IJ5H0,0,,
NNGymYRs1wU,201809,UZlFjPJGpjz,vtl7w3GYcbA,VRVkk5IJ5H0,0,,
NNGymYRs1wU,201809,UZlFjPJGpjz,P4RwMsGuea6,VRVkk5IJ5H0,0,,
NNGymYRs1wU,201809,UZlFjPJGpjz,Sz2xvPSQ00R,VRVkk5IJ5H0,1,,
NNGymYRs1wU,201809,UZlFjPJGpjz,mNOecOXWTXf,VRVkk5IJ5H0,0,,
NNGymYRs1wU,201809,UZlFjPJGpjz,BaVnq8qfW1g,VRVkk5IJ5H0,1,,
NNGymYRs1wU,201809,UZlFjPJGpjz,Nf5SleiWuq0,VRVkk5IJ5H0,0,,
NNGymYRs1wU,201809,UZlFjPJGpjz,PoDv76mNIWu,VRVkk5IJ5H0,0,,
NNGymYRs1wU,201809,UZlFjPJGpjz,tjo4BVmFqFH,VRVkk5IJ5H0,0,,
NNGymYRs1wU,201809,UZlFjPJGpjz,p6Sn1tZ6ndd,VRVkk5IJ5H0,0,,
NNGymYRs1wU,201809,UZlFjPJGpjz,r9rhmyMnxbr,VRVkk5IJ5H0,0,,
NNGymYRs1wU,201809,UZlFjPJGpjz,ZnDRk3nJarm,VRVkk5IJ5H0,0,,
NNGymYRs1wU,201809,UZlFjPJGpjz,HlfLLwJmGHr,VRVkk5IJ5H0,0,,
NNGymYRs1wU,201809,UZlFjPJGpjz,f0WXulflktZ,VRVkk5IJ5H0,0,,
NNGymYRs1wU,201809,UZlFjPJGpjz,A9ji1BR3sVy,VRVkk5IJ5H0,0,,
PeG6XZuZ966,201809,UZlFjPJGpjz,uBDlgoDYgvA,VRVkk5IJ5H0,0,,
PeG6XZuZ966,201809,UZlFjPJGpjz,n6fMblV8up1,VRVkk5IJ5H0,0,,
mlr3bB1JwMk,201809,UZlFjPJGpjz,jT0VLMOLsjn,VRVkk5IJ5H0,45,,
mlr3bB1JwMk,201809,UZlFjPJGpjz,aIes0EjUpm9,VRVkk5IJ5H0,866,,
PeG6XZuZ966,201809,UZlFjPJGpjz,ozNjAl8bzht,VRVkk5IJ5H0,234,,
PeG6XZuZ966,201809,UZlFjPJGpjz,vrBQGquPQp0,VRVkk5IJ5H0,166,,
PeG6XZuZ966,201809,UZlFjPJGpjz,EufuDrSc6d5,VRVkk5IJ5H0,632,,
PeG6XZuZ966,201809,UZlFjPJGpjz,NgrF5pZ9HTB,VRVkk5IJ5H0,250,,
PeG6XZuZ966,201809,UZlFjPJGpjz,xS2y9mP36RN,VRVkk5IJ5H0,1564,,
PeG6XZuZ966,201809,UZlFjPJGpjz,GqWVZnebAQN,VRVkk5IJ5H0,256,,
PeG6XZuZ966,201809,UZlFjPJGpjz,yy9nEO4jmGR,VRVkk5IJ5H0,1474,,
PeG6XZuZ966,201809,UZlFjPJGpjz,Q4C03CVDy0H,VRVkk5IJ5H0,266,,
PeG6XZuZ966,201809,UZlFjPJGpjz,fcyJdfMIZpc,VRVkk5IJ5H0,984,,
PeG6XZuZ966,201809,UZlFjPJGpjz,TOL6pMwmdDp,VRVkk5IJ5H0,291,,
PeG6XZuZ966,201809,UZlFjPJGpjz,kwvi5zTYpke,VRVkk5IJ5H0,408,,
PeG6XZuZ966,201809,UZlFjPJGpjz,WA418YuHF0x,VRVkk5IJ5H0,217,,
PeG6XZuZ966,201809,UZlFjPJGpjz,BvWUn5WIq0D,VRVkk5IJ5H0,542,,
PeG6XZuZ966,201809,UZlFjPJGpjz,woniJkHwY4l,VRVkk5IJ5H0,266,,
PeG6XZuZ966,201809,UZlFjPJGpjz,UoUIcFuUfQG,VRVkk5IJ5H0,901,,
PeG6XZuZ966,201809,UZlFjPJGpjz,HbYDRvlv3VK,VRVkk5IJ5H0,581,,
jqPh4iDHjEU,201809,UZlFjPJGpjz,uBDlgoDYgvA,VRVkk5IJ5H0,0,,
jqPh4iDHjEU,201809,UZlFjPJGpjz,n6fMblV8up1,VRVkk5IJ5H0,0,,
BbuDM9XcPYa,201809,UZlFjPJGpjz,jT0VLMOLsjn,VRVkk5IJ5H0,1,,
BbuDM9XcPYa,201809,UZlFjPJGpjz,aIes0EjUpm9,VRVkk5IJ5H0,4,,
jqPh4iDHjEU,201809,UZlFjPJGpjz,ozNjAl8bzht,VRVkk5IJ5H0,4,,
jqPh4iDHjEU,201809,UZlFjPJGpjz,vrBQGquPQp0,VRVkk5IJ5H0,2,,
jqPh4iDHjEU,201809,UZlFjPJGpjz,EufuDrSc6d5,VRVkk5IJ5H0,23,,
jqPh4iDHjEU,201809,UZlFjPJGpjz,NgrF5pZ9HTB,VRVkk5IJ5H0,5,,
jqPh4iDHjEU,201809,UZlFjPJGpjz,xS2y9mP36RN,VRVkk5IJ5H0,109,,
jqPh4iDHjEU,201809,UZlFjPJGpjz,GqWVZnebAQN,VRVkk5IJ5H0,9,,
jqPh4iDHjEU,201809,UZlFjPJGpjz,yy9nEO4jmGR,VRVkk5IJ5H0,180,,
jqPh4iDHjEU,201809,UZlFjPJGpjz,Q4C03CVDy0H,VRVkk5IJ5H0,11,,
jqPh4iDHjEU,201809,UZlFjPJGpjz,fcyJdfMIZpc,VRVkk5IJ5H0,212,,
jqPh4iDHjEU,201809,UZlFjPJGpjz,TOL6pMwmdDp,VRVkk5IJ5H0,18,,
jqPh4iDHjEU,201809,UZlFjPJGpjz,kwvi5zTYpke,VRVkk5IJ5H0,106,,
jqPh4iDHjEU,201809,UZlFjPJGpjz,WA418YuHF0x,VRVkk5IJ5H0,27,,
jqPh4iDHjEU,201809,UZlFjPJGpjz,BvWUn5WIq0D,VRVkk5IJ5H0,103,,
jqPh4iDHjEU,201809,UZlFjPJGpjz,woniJkHwY4l,VRVkk5IJ5H0,44,,
jqPh4iDHjEU,201809,UZlFjPJGpjz,UoUIcFuUfQG,VRVkk5IJ5H0,69,,
jqPh4iDHjEU,201809,UZlFjPJGpjz,HbYDRvlv3VK,VRVkk5IJ5H0,32,,
tsQg02YMuLA,201809,UZlFjPJGpjz,uBDlgoDYgvA,VRVkk5IJ5H0,0,,
tsQg02YMuLA,201809,UZlFjPJGpjz,n6fMblV8up1,VRVkk5IJ5H0,0,,
n84IOzGlBKp,201809,UZlFjPJGpjz,jT0VLMOLsjn,VRVkk5IJ5H0,0,,
n84IOzGlBKp,201809,UZlFjPJGpjz,aIes0EjUpm9,VRVkk5IJ5H0,168,,
tsQg02YMuLA,201809,UZlFjPJGpjz,ozNjAl8bzht,VRVkk5IJ5H0,79,,
tsQg02YMuLA,201809,UZlFjPJGpjz,vrBQGquPQp0,VRVkk5IJ5H0,31,,
tsQg02YMuLA,201809,UZlFjPJGpjz,EufuDrSc6d5,VRVkk5IJ5H0,193,,
tsQg02YMuLA,201809,UZlFjPJGpjz,NgrF5pZ9HTB,VRVkk5IJ5H0,67,,
tsQg02YMuLA,201809,UZlFjPJGpjz,xS2y9mP36RN,VRVkk5IJ5H0,439,,
tsQg02YMuLA,201809,UZlFjPJGpjz,GqWVZnebAQN,VRVkk5IJ5H0,82,,
tsQg02YMuLA,201809,UZlFjPJGpjz,yy9nEO4jmGR,VRVkk5IJ5H0,331,,
tsQg02YMuLA,201809,UZlFjPJGpjz,Q4C03CVDy0H,VRVkk5IJ5H0,118,,
tsQg02YMuLA,201809,UZlFjPJGpjz,fcyJdfMIZpc,VRVkk5IJ5H0,232,,
tsQg02YMuLA,201809,UZlFjPJGpjz,TOL6pMwmdDp,VRVkk5IJ5H0,125,,
tsQg02YMuLA,201809,UZlFjPJGpjz,kwvi5zTYpke,VRVkk5IJ5H0,90,,
tsQg02YMuLA,201809,UZlFjPJGpjz,WA418YuHF0x,VRVkk5IJ5H0,85,,
tsQg02YMuLA,201809,UZlFjPJGpjz,BvWUn5WIq0D,VRVkk5IJ5H0,102,,
tsQg02YMuLA,201809,UZlFjPJGpjz,woniJkHwY4l,VRVkk5IJ5H0,87,,
tsQg02YMuLA,201809,UZlFjPJGpjz,UoUIcFuUfQG,VRVkk5IJ5H0,163,,
tsQg02YMuLA,201809,UZlFjPJGpjz,HbYDRvlv3VK,VRVkk5IJ5H0,111,,
q2ymx03eHPq,201809,UZlFjPJGpjz,uBDlgoDYgvA,VRVkk5IJ5H0,0,,
q2ymx03eHPq,201809,UZlFjPJGpjz,n6fMblV8up1,VRVkk5IJ5H0,0,,
MZc2XkO9KfP,201809,UZlFjPJGpjz,jT0VLMOLsjn,VRVkk5IJ5H0,0,,
MZc2XkO9KfP,201809,UZlFjPJGpjz,aIes0EjUpm9,VRVkk5IJ5H0,168,,
q2ymx03eHPq,201809,UZlFjPJGpjz,ozNjAl8bzht,VRVkk5IJ5H0,79,,
q2ymx03eHPq,201809,UZlFjPJGpjz,vrBQGquPQp0,VRVkk5IJ5H0,31,,
q2ymx03eHPq,201809,UZlFjPJGpjz,EufuDrSc6d5,VRVkk5IJ5H0,193,,
q2ymx03eHPq,201809,UZlFjPJGpjz,NgrF5pZ9HTB,VRVkk5IJ5H0,67,,
q2ymx03eHPq,201809,UZlFjPJGpjz,xS2y9mP36RN,VRVkk5IJ5H0,439,,
q2ymx03eHPq,201809,UZlFjPJGpjz,GqWVZnebAQN,VRVkk5IJ5H0,82,,
q2ymx03eHPq,201809,UZlFjPJGpjz,yy9nEO4jmGR,VRVkk5IJ5H0,331,,
q2ymx03eHPq,201809,UZlFjPJGpjz,Q4C03CVDy0H,VRVkk5IJ5H0,118,,
q2ymx03eHPq,201809,UZlFjPJGpjz,fcyJdfMIZpc,VRVkk5IJ5H0,232,,
q2ymx03eHPq,201809,UZlFjPJGpjz,TOL6pMwmdDp,VRVkk5IJ5H0,125,,
q2ymx03eHPq,201809,UZlFjPJGpjz,kwvi5zTYpke,VRVkk5IJ5H0,90,,
q2ymx03eHPq,201809,UZlFjPJGpjz,WA418YuHF0x,VRVkk5IJ5H0,85,,
q2ymx03eHPq,201809,UZlFjPJGpjz,BvWUn5WIq0D,VRVkk5IJ5H0,102,,
q2ymx03eHPq,201809,UZlFjPJGpjz,woniJkHwY4l,VRVkk5IJ5H0,87,,
q2ymx03eHPq,201809,UZlFjPJGpjz,UoUIcFuUfQG,VRVkk5IJ5H0,163,,
q2ymx03eHPq,201809,UZlFjPJGpjz,HbYDRvlv3VK,VRVkk5IJ5H0,111,,
qHoPh7JIyju,201809,UZlFjPJGpjz,uBDlgoDYgvA,VRVkk5IJ5H0,0,,
qHoPh7JIyju,201809,UZlFjPJGpjz,n6fMblV8up1,VRVkk5IJ5H0,0,,
eSQb19DVhPT,201809,UZlFjPJGpjz,jT0VLMOLsjn,VRVkk5IJ5H0,0,,
eSQb19DVhPT,201809,UZlFjPJGpjz,aIes0EjUpm9,VRVkk5IJ5H0,1,,
qHoPh7JIyju,201809,UZlFjPJGpjz,ozNjAl8bzht,VRVkk5IJ5H0,0,,
qHoPh7JIyju,201809,UZlFjPJGpjz,vrBQGquPQp0,VRVkk5IJ5H0,0,,
qHoPh7JIyju,201809,UZlFjPJGpjz,EufuDrSc6d5,VRVkk5IJ5H0,1,,
qHoPh7JIyju,201809,UZlFjPJGpjz,NgrF5pZ9HTB,VRVkk5IJ5H0,0,,
qHoPh7JIyju,201809,UZlFjPJGpjz,xS2y9mP36RN,VRVkk5IJ5H0,4,,
qHoPh7JIyju,201809,UZlFjPJGpjz,GqWVZnebAQN,VRVkk5IJ5H0,0,,
qHoPh7JIyju,201809,UZlFjPJGpjz,yy9nEO4jmGR,VRVkk5IJ5H0,2,,
qHoPh7JIyju,201809,UZlFjPJGpjz,Q4C03CVDy0H,VRVkk5IJ5H0,1,,
qHoPh7JIyju,201809,UZlFjPJGpjz,fcyJdfMIZpc,VRVkk5IJ5H0,2,,
qHoPh7JIyju,201809,UZlFjPJGpjz,TOL6pMwmdDp,VRVkk5IJ5H0,2,,
qHoPh7JIyju,201809,UZlFjPJGpjz,kwvi5zTYpke,VRVkk5IJ5H0,1,,
qHoPh7JIyju,201809,UZlFjPJGpjz,WA418YuHF0x,VRVkk5IJ5H0,2,,
qHoPh7JIyju,201809,UZlFjPJGpjz,BvWUn5WIq0D,VRVkk5IJ5H0,0,,
qHoPh7JIyju,201809,UZlFjPJGpjz,woniJkHwY4l,VRVkk5IJ5H0,2,,
qHoPh7JIyju,201809,UZlFjPJGpjz,UoUIcFuUfQG,VRVkk5IJ5H0,3,,
qHoPh7JIyju,201809,UZlFjPJGpjz,HbYDRvlv3VK,VRVkk5IJ5H0,4,,
ZkvHhQzcxX8,201809,UZlFjPJGpjz,uBDlgoDYgvA,VRVkk5IJ5H0,0,,
ZkvHhQzcxX8,201809,UZlFjPJGpjz,n6fMblV8up1,VRVkk5IJ5H0,0,,
yvDZBpNygCj,201809,UZlFjPJGpjz,jT0VLMOLsjn,VRVkk5IJ5H0,0,,
yvDZBpNygCj,201809,UZlFjPJGpjz,aIes0EjUpm9,VRVkk5IJ5H0,1,,
ZkvHhQzcxX8,201809,UZlFjPJGpjz,ozNjAl8bzht,VRVkk5IJ5H0,0,,
ZkvHhQzcxX8,201809,UZlFjPJGpjz,vrBQGquPQp0,VRVkk5IJ5H0,0,,
ZkvHhQzcxX8,201809,UZlFjPJGpjz,EufuDrSc6d5,VRVkk5IJ5H0,1,,
ZkvHhQzcxX8,201809,UZlFjPJGpjz,NgrF5pZ9HTB,VRVkk5IJ5H0,0,,
ZkvHhQzcxX8,201809,UZlFjPJGpjz,xS2y9mP36RN,VRVkk5IJ5H0,4,,
ZkvHhQzcxX8,201809,UZlFjPJGpjz,GqWVZnebAQN,VRVkk5IJ5H0,0,,
ZkvHhQzcxX8,201809,UZlFjPJGpjz,yy9nEO4jmGR,VRVkk5IJ5H0,2,,
ZkvHhQzcxX8,201809,UZlFjPJGpjz,Q4C03CVDy0H,VRVkk5IJ5H0,1,,
ZkvHhQzcxX8,201809,UZlFjPJGpjz,fcyJdfMIZpc,VRVkk5IJ5H0,1,,
ZkvHhQzcxX8,201809,UZlFjPJGpjz,TOL6pMwmdDp,VRVkk5IJ5H0,2,,
ZkvHhQzcxX8,201809,UZlFjPJGpjz,kwvi5zTYpke,VRVkk5IJ5H0,1,,
ZkvHhQzcxX8,201809,UZlFjPJGpjz,WA418YuHF0x,VRVkk5IJ5H0,2,,
ZkvHhQzcxX8,201809,UZlFjPJGpjz,BvWUn5WIq0D,VRVkk5IJ5H0,0,,
ZkvHhQzcxX8,201809,UZlFjPJGpjz,woniJkHwY4l,VRVkk5IJ5H0,2,,
ZkvHhQzcxX8,201809,UZlFjPJGpjz,UoUIcFuUfQG,VRVkk5IJ5H0,3,,
ZkvHhQzcxX8,201809,UZlFjPJGpjz,HbYDRvlv3VK,VRVkk5IJ5H0,3,,
ZGHI3mEb69J,201809,UZlFjPJGpjz,ap4HIPIUT9b,VRVkk5IJ5H0,0,,
ZGHI3mEb69J,201809,UZlFjPJGpjz,XEVHw7wRrN1,VRVkk5IJ5H0,0,,
JVFaKcAooy3,201809,UZlFjPJGpjz,Or4hH8IjbIT,VRVkk5IJ5H0,0,,
JVFaKcAooy3,201809,UZlFjPJGpjz,xA9IckN8pAv,VRVkk5IJ5H0,7,,
ZGHI3mEb69J,201809,UZlFjPJGpjz,Cxgy6IH7UCo,VRVkk5IJ5H0,3,,
ZGHI3mEb69J,201809,UZlFjPJGpjz,CuuFXnLWdFq,VRVkk5IJ5H0,0,,
ZGHI3mEb69J,201809,UZlFjPJGpjz,vtl7w3GYcbA,VRVkk5IJ5H0,32,,
ZGHI3mEb69J,201809,UZlFjPJGpjz,P4RwMsGuea6,VRVkk5IJ5H0,18,,
ZGHI3mEb69J,201809,UZlFjPJGpjz,Sz2xvPSQ00R,VRVkk5IJ5H0,231,,
ZGHI3mEb69J,201809,UZlFjPJGpjz,mNOecOXWTXf,VRVkk5IJ5H0,124,,
ZGHI3mEb69J,201809,UZlFjPJGpjz,BaVnq8qfW1g,VRVkk5IJ5H0,216,,
ZGHI3mEb69J,201809,UZlFjPJGpjz,Nf5SleiWuq0,VRVkk5IJ5H0,88,,
ZGHI3mEb69J,201809,UZlFjPJGpjz,PoDv76mNIWu,VRVkk5IJ5H0,173,,
ZGHI3mEb69J,201809,UZlFjPJGpjz,tjo4BVmFqFH,VRVkk5IJ5H0,90,,
ZGHI3mEb69J,201809,UZlFjPJGpjz,p6Sn1tZ6ndd,VRVkk5IJ5H0,72,,
ZGHI3mEb69J,201809,UZlFjPJGpjz,r9rhmyMnxbr,VRVkk5IJ5H0,62,,
ZGHI3mEb69J,201809,UZlFjPJGpjz,ZnDRk3nJarm,VRVkk5IJ5H0,45,,
ZGHI3mEb69J,201809,UZlFjPJGpjz,HlfLLwJmGHr,VRVkk5IJ5H0,90,,
ZGHI3mEb69J,201809,UZlFjPJGpjz,f0WXulflktZ,VRVkk5IJ5H0,15,,
ZGHI3mEb69J,201809,UZlFjPJGpjz,A9ji1BR3sVy,VRVkk5IJ5H0,42,,
PeG6XZuZ966,201809,UZlFjPJGpjz,ap4HIPIUT9b,VRVkk5IJ5H0,0,,
PeG6XZuZ966,201809,UZlFjPJGpjz,XEVHw7wRrN1,VRVkk5IJ5H0,0,,
mlr3bB1JwMk,201809,UZlFjPJGpjz,Or4hH8IjbIT,VRVkk5IJ5H0,0,,
mlr3bB1JwMk,201809,UZlFjPJGpjz,xA9IckN8pAv,VRVkk5IJ5H0,7,,
PeG6XZuZ966,201809,UZlFjPJGpjz,Cxgy6IH7UCo,VRVkk5IJ5H0,3,,
PeG6XZuZ966,201809,UZlFjPJGpjz,CuuFXnLWdFq,VRVkk5IJ5H0,0,,
PeG6XZuZ966,201809,UZlFjPJGpjz,vtl7w3GYcbA,VRVkk5IJ5H0,32,,
PeG6XZuZ966,201809,UZlFjPJGpjz,P4RwMsGuea6,VRVkk5IJ5H0,18,,
PeG6XZuZ966,201809,UZlFjPJGpjz,Sz2xvPSQ00R,VRVkk5IJ5H0,231,,
PeG6XZuZ966,201809,UZlFjPJGpjz,mNOecOXWTXf,VRVkk5IJ5H0,124,,
PeG6XZuZ966,201809,UZlFjPJGpjz,BaVnq8qfW1g,VRVkk5IJ5H0,216,,
PeG6XZuZ966,201809,UZlFjPJGpjz,Nf5SleiWuq0,VRVkk5IJ5H0,88,,
PeG6XZuZ966,201809,UZlFjPJGpjz,PoDv76mNIWu,VRVkk5IJ5H0,173,,
PeG6XZuZ966,201809,UZlFjPJGpjz,tjo4BVmFqFH,VRVkk5IJ5H0,90,,
PeG6XZuZ966,201809,UZlFjPJGpjz,p6Sn1tZ6ndd,VRVkk5IJ5H0,72,,
PeG6XZuZ966,201809,UZlFjPJGpjz,r9rhmyMnxbr,VRVkk5IJ5H0,62,,
PeG6XZuZ966,201809,UZlFjPJGpjz,ZnDRk3nJarm,VRVkk5IJ5H0,45,,
PeG6XZuZ966,201809,UZlFjPJGpjz,HlfLLwJmGHr,VRVkk5IJ5H0,90,,
PeG6XZuZ966,201809,UZlFjPJGpjz,f0WXulflktZ,VRVkk5IJ5H0,15,,
PeG6XZuZ966,201809,UZlFjPJGpjz,A9ji1BR3sVy,VRVkk5IJ5H0,42,,
jqPh4iDHjEU,201809,UZlFjPJGpjz,ap4HIPIUT9b,VRVkk5IJ5H0,0,,
jqPh4iDHjEU,201809,UZlFjPJGpjz,XEVHw7wRrN1,VRVkk5IJ5H0,0,,
BbuDM9XcPYa,201809,UZlFjPJGpjz,Or4hH8IjbIT,VRVkk5IJ5H0,0,,
BbuDM9XcPYa,201809,UZlFjPJGpjz,xA9IckN8pAv,VRVkk5IJ5H0,0,,
jqPh4iDHjEU,201809,UZlFjPJGpjz,Cxgy6IH7UCo,VRVkk5IJ5H0,0,,
jqPh4iDHjEU,201809,UZlFjPJGpjz,CuuFXnLWdFq,VRVkk5IJ5H0,0,,
jqPh4iDHjEU,201809,UZlFjPJGpjz,vtl7w3GYcbA,VRVkk5IJ5H0,2,,
jqPh4iDHjEU,201809,UZlFjPJGpjz,P4RwMsGuea6,VRVkk5IJ5H0,0,,
jqPh4iDHjEU,201809,UZlFjPJGpjz,Sz2xvPSQ00R,VRVkk5IJ5H0,4,,
jqPh4iDHjEU,201809,UZlFjPJGpjz,mNOecOXWTXf,VRVkk5IJ5H0,0,,
jqPh4iDHjEU,201809,UZlFjPJGpjz,BaVnq8qfW1g,VRVkk5IJ5H0,11,,
jqPh4iDHjEU,201809,UZlFjPJGpjz,Nf5SleiWuq0,VRVkk5IJ5H0,0,,
jqPh4iDHjEU,201809,UZlFjPJGpjz,PoDv76mNIWu,VRVkk5IJ5H0,12,,
jqPh4iDHjEU,201809,UZlFjPJGpjz,tjo4BVmFqFH,VRVkk5IJ5H0,0,,
jqPh4iDHjEU,201809,UZlFjPJGpjz,p6Sn1tZ6ndd,VRVkk5IJ5H0,3,,
jqPh4iDHjEU,201809,UZlFjPJGpjz,r9rhmyMnxbr,VRVkk5IJ5H0,0,,
jqPh4iDHjEU,201809,UZlFjPJGpjz,ZnDRk3nJarm,VRVkk5IJ5H0,7,,
jqPh4iDHjEU,201809,UZlFjPJGpjz,HlfLLwJmGHr,VRVkk5IJ5H0,4,,
jqPh4iDHjEU,201809,UZlFjPJGpjz,f0WXulflktZ,VRVkk5IJ5H0,0,,
jqPh4iDHjEU,201809,UZlFjPJGpjz,A9ji1BR3sVy,VRVkk5IJ5H0,0,,
tsQg02YMuLA,201809,UZlFjPJGpjz,ap4HIPIUT9b,VRVkk5IJ5H0,0,,
tsQg02YMuLA,201809,UZlFjPJGpjz,XEVHw7wRrN1,VRVkk5IJ5H0,0,,
n84IOzGlBKp,201809,UZlFjPJGpjz,Or4hH8IjbIT,VRVkk5IJ5H0,0,,
n84IOzGlBKp,201809,UZlFjPJGpjz,xA9IckN8pAv,VRVkk5IJ5H0,7,,
tsQg02YMuLA,201809,UZlFjPJGpjz,Cxgy6IH7UCo,VRVkk5IJ5H0,3,,
tsQg02YMuLA,201809,UZlFjPJGpjz,CuuFXnLWdFq,VRVkk5IJ5H0,0,,
tsQg02YMuLA,201809,UZlFjPJGpjz,vtl7w3GYcbA,VRVkk5IJ5H0,24,,
tsQg02YMuLA,201809,UZlFjPJGpjz,P4RwMsGuea6,VRVkk5IJ5H0,18,,
tsQg02YMuLA,201809,UZlFjPJGpjz,Sz2xvPSQ00R,VRVkk5IJ5H0,120,,
tsQg02YMuLA,201809,UZlFjPJGpjz,mNOecOXWTXf,VRVkk5IJ5H0,97,,
tsQg02YMuLA,201809,UZlFjPJGpjz,BaVnq8qfW1g,VRVkk5IJ5H0,99,,
tsQg02YMuLA,201809,UZlFjPJGpjz,Nf5SleiWuq0,VRVkk5IJ5H0,87,,
tsQg02YMuLA,201809,UZlFjPJGpjz,PoDv76mNIWu,VRVkk5IJ5H0,60,,
tsQg02YMuLA,201809,UZlFjPJGpjz,tjo4BVmFqFH,VRVkk5IJ5H0,88,,
tsQg02YMuLA,201809,UZlFjPJGpjz,p6Sn1tZ6ndd,VRVkk5IJ5H0,39,,
tsQg02YMuLA,201809,UZlFjPJGpjz,r9rhmyMnxbr,VRVkk5IJ5H0,60,,
tsQg02YMuLA,201809,UZlFjPJGpjz,ZnDRk3nJarm,VRVkk5IJ5H0,19,,
tsQg02YMuLA,201809,UZlFjPJGpjz,HlfLLwJmGHr,VRVkk5IJ5H0,77,,
tsQg02YMuLA,201809,UZlFjPJGpjz,f0WXulflktZ,VRVkk5IJ5H0,11,,
tsQg02YMuLA,201809,UZlFjPJGpjz,A9ji1BR3sVy,VRVkk5IJ5H0,39,,
q2ymx03eHPq,201809,UZlFjPJGpjz,ap4HIPIUT9b,VRVkk5IJ5H0,0,,
q2ymx03eHPq,201809,UZlFjPJGpjz,XEVHw7wRrN1,VRVkk5IJ5H0,0,,
MZc2XkO9KfP,201809,UZlFjPJGpjz,Or4hH8IjbIT,VRVkk5IJ5H0,0,,
MZc2XkO9KfP,201809,UZlFjPJGpjz,xA9IckN8pAv,VRVkk5IJ5H0,7,,
q2ymx03eHPq,201809,UZlFjPJGpjz,Cxgy6IH7UCo,VRVkk5IJ5H0,3,,
q2ymx03eHPq,201809,UZlFjPJGpjz,CuuFXnLWdFq,VRVkk5IJ5H0,0,,
q2ymx03eHPq,201809,UZlFjPJGpjz,vtl7w3GYcbA,VRVkk5IJ5H0,24,,
q2ymx03eHPq,201809,UZlFjPJGpjz,P4RwMsGuea6,VRVkk5IJ5H0,18,,
q2ymx03eHPq,201809,UZlFjPJGpjz,Sz2xvPSQ00R,VRVkk5IJ5H0,120,,
q2ymx03eHPq,201809,UZlFjPJGpjz,mNOecOXWTXf,VRVkk5IJ5H0,97,,
q2ymx03eHPq,201809,UZlFjPJGpjz,BaVnq8qfW1g,VRVkk5IJ5H0,99,,
q2ymx03eHPq,201809,UZlFjPJGpjz,Nf5SleiWuq0,VRVkk5IJ5H0,87,,
q2ymx03eHPq,201809,UZlFjPJGpjz,PoDv76mNIWu,VRVkk5IJ5H0,60,,
q2ymx03eHPq,201809,UZlFjPJGpjz,tjo4BVmFqFH,VRVkk5IJ5H0,88,,
q2ymx03eHPq,201809,UZlFjPJGpjz,p6Sn1tZ6ndd,VRVkk5IJ5H0,39,,
q2ymx03eHPq,201809,UZlFjPJGpjz,r9rhmyMnxbr,VRVkk5IJ5H0,60,,
q2ymx03eHPq,201809,UZlFjPJGpjz,ZnDRk3nJarm,VRVkk5IJ5H0,19,,
q2ymx03eHPq,201809,UZlFjPJGpjz,HlfLLwJmGHr,VRVkk5IJ5H0,77,,
q2ymx03eHPq,201809,UZlFjPJGpjz,f0WXulflktZ,VRVkk5IJ5H0,11,,
q2ymx03eHPq,201809,UZlFjPJGpjz,A9ji1BR3sVy,VRVkk5IJ5H0,39,,
qHoPh7JIyju,201809,UZlFjPJGpjz,ap4HIPIUT9b,VRVkk5IJ5H0,0,,
qHoPh7JIyju,201809,UZlFjPJGpjz,XEVHw7wRrN1,VRVkk5IJ5H0,0,,
eSQb19DVhPT,201809,UZlFjPJGpjz,Or4hH8IjbIT,VRVkk5IJ5H0,0,,
eSQb19DVhPT,201809,UZlFjPJGpjz,xA9IckN8pAv,VRVkk5IJ5H0,0,,
qHoPh7JIyju,201809,UZlFjPJGpjz,Cxgy6IH7UCo,VRVkk5IJ5H0,0,,
qHoPh7JIyju,201809,UZlFjPJGpjz,CuuFXnLWdFq,VRVkk5IJ5H0,0,,
qHoPh7JIyju,201809,UZlFjPJGpjz,vtl7w3GYcbA,VRVkk5IJ5H0,0,,
qHoPh7JIyju,201809,UZlFjPJGpjz,P4RwMsGuea6,VRVkk5IJ5H0,0,,
qHoPh7JIyju,201809,UZlFjPJGpjz,Sz2xvPSQ00R,VRVkk5IJ5H0,6,,
qHoPh7JIyju,201809,UZlFjPJGpjz,mNOecOXWTXf,VRVkk5IJ5H0,1,,
qHoPh7JIyju,201809,UZlFjPJGpjz,BaVnq8qfW1g,VRVkk5IJ5H0,1,,
qHoPh7JIyju,201809,UZlFjPJGpjz,Nf5SleiWuq0,VRVkk5IJ5H0,2,,
qHoPh7JIyju,201809,UZlFjPJGpjz,PoDv76mNIWu,VRVkk5IJ5H0,0,,
qHoPh7JIyju,201809,UZlFjPJGpjz,tjo4BVmFqFH,VRVkk5IJ5H0,2,,
qHoPh7JIyju,201809,UZlFjPJGpjz,p6Sn1tZ6ndd,VRVkk5IJ5H0,3,,
qHoPh7JIyju,201809,UZlFjPJGpjz,r9rhmyMnxbr,VRVkk5IJ5H0,2,,
qHoPh7JIyju,201809,UZlFjPJGpjz,ZnDRk3nJarm,VRVkk5IJ5H0,1,,
qHoPh7JIyju,201809,UZlFjPJGpjz,HlfLLwJmGHr,VRVkk5IJ5H0,1,,
qHoPh7JIyju,201809,UZlFjPJGpjz,f0WXulflktZ,VRVkk5IJ5H0,1,,
qHoPh7JIyju,201809,UZlFjPJGpjz,A9ji1BR3sVy,VRVkk5IJ5H0,1,,
ZkvHhQzcxX8,201809,UZlFjPJGpjz,ap4HIPIUT9b,VRVkk5IJ5H0,0,,
ZkvHhQzcxX8,201809,UZlFjPJGpjz,XEVHw7wRrN1,VRVkk5IJ5H0,0,,
yvDZBpNygCj,201809,UZlFjPJGpjz,Or4hH8IjbIT,VRVkk5IJ5H0,0,,
yvDZBpNygCj,201809,UZlFjPJGpjz,xA9IckN8pAv,VRVkk5IJ5H0,0,,
ZkvHhQzcxX8,201809,UZlFjPJGpjz,Cxgy6IH7UCo,VRVkk5IJ5H0,0,,
ZkvHhQzcxX8,201809,UZlFjPJGpjz,CuuFXnLWdFq,VRVkk5IJ5H0,0,,
ZkvHhQzcxX8,201809,UZlFjPJGpjz,vtl7w3GYcbA,VRVkk5IJ5H0,0,,
ZkvHhQzcxX8,201809,UZlFjPJGpjz,P4RwMsGuea6,VRVkk5IJ5H0,0,,
ZkvHhQzcxX8,201809,UZlFjPJGpjz,Sz2xvPSQ00R,VRVkk5IJ5H0,4,,
ZkvHhQzcxX8,201809,UZlFjPJGpjz,mNOecOXWTXf,VRVkk5IJ5H0,0,,
ZkvHhQzcxX8,201809,UZlFjPJGpjz,BaVnq8qfW1g,VRVkk5IJ5H0,0,,
ZkvHhQzcxX8,201809,UZlFjPJGpjz,Nf5SleiWuq0,VRVkk5IJ5H0,1,,
ZkvHhQzcxX8,201809,UZlFjPJGpjz,PoDv76mNIWu,VRVkk5IJ5H0,0,,
ZkvHhQzcxX8,201809,UZlFjPJGpjz,tjo4BVmFqFH,VRVkk5IJ5H0,0,,
ZkvHhQzcxX8,201809,UZlFjPJGpjz,p6Sn1tZ6ndd,VRVkk5IJ5H0,0,,
ZkvHhQzcxX8,201809,UZlFjPJGpjz,r9rhmyMnxbr,VRVkk5IJ5H0,0,,
ZkvHhQzcxX8,201809,UZlFjPJGpjz,ZnDRk3nJarm,VRVkk5IJ5H0,0,,
ZkvHhQzcxX8,201809,UZlFjPJGpjz,HlfLLwJmGHr,VRVkk5IJ5H0,0,,
ZkvHhQzcxX8,201809,UZlFjPJGpjz,f0WXulflktZ,VRVkk5IJ5H0,0,,
ZkvHhQzcxX8,201809,UZlFjPJGpjz,A9ji1BR3sVy,VRVkk5IJ5H0,0,,
iUixK7KgXe7,201809,UZlFjPJGpjz,VXwjfo8sEk0,VRVkk5IJ5H0,0,,
iUixK7KgXe7,201809,UZlFjPJGpjz,Zq840ykndYP,VRVkk5IJ5H0,0,,
CEGVbQqJ2ni,201809,UZlFjPJGpjz,Gm6B7Z9Tbxs,VRVkk5IJ5H0,4,,
CEGVbQqJ2ni,201809,UZlFjPJGpjz,xP7pDf7Dsya,VRVkk5IJ5H0,9,,
iUixK7KgXe7,201809,UZlFjPJGpjz,ABIsKSsz1ke,VRVkk5IJ5H0,5,,
iUixK7KgXe7,201809,UZlFjPJGpjz,Zbe4xbi2Osh,VRVkk5IJ5H0,5,,
iUixK7KgXe7,201809,UZlFjPJGpjz,NprB1YeySZ1,VRVkk5IJ5H0,9,,
iUixK7KgXe7,201809,UZlFjPJGpjz,D7FGVRMeoB8,VRVkk5IJ5H0,1,,
iUixK7KgXe7,201809,UZlFjPJGpjz,hTRfQPrXkDG,VRVkk5IJ5H0,11,,
iUixK7KgXe7,201809,UZlFjPJGpjz,Wtrxbv654Vd,VRVkk5IJ5H0,6,,
iUixK7KgXe7,201809,UZlFjPJGpjz,Z0xiuBAeBaY,VRVkk5IJ5H0,10,,
iUixK7KgXe7,201809,UZlFjPJGpjz,IqzcjvPWhlu,VRVkk5IJ5H0,15,,
iUixK7KgXe7,201809,UZlFjPJGpjz,fUhfzH0SrHj,VRVkk5IJ5H0,13,,
iUixK7KgXe7,201809,UZlFjPJGpjz,Ou9329wOYO9,VRVkk5IJ5H0,11,,
iUixK7KgXe7,201809,UZlFjPJGpjz,P6xm6Ob3TDB,VRVkk5IJ5H0,3,,
iUixK7KgXe7,201809,UZlFjPJGpjz,MtyMA4bXpot,VRVkk5IJ5H0,10,,
iUixK7KgXe7,201809,UZlFjPJGpjz,eLYKadk1OdE,VRVkk5IJ5H0,13,,
iUixK7KgXe7,201809,UZlFjPJGpjz,O5QIYGykkKJ,VRVkk5IJ5H0,24,,
iUixK7KgXe7,201809,UZlFjPJGpjz,mMmt7tXj6Zf,VRVkk5IJ5H0,3,,
iUixK7KgXe7,201809,UZlFjPJGpjz,dzbLsDNcBws,VRVkk5IJ5H0,15,,
L8ZohcoHQpw,201809,UZlFjPJGpjz,VXwjfo8sEk0,VRVkk5IJ5H0,0,,
L8ZohcoHQpw,201809,UZlFjPJGpjz,Zq840ykndYP,VRVkk5IJ5H0,0,,
BmnneMAnqnq,201809,UZlFjPJGpjz,Gm6B7Z9Tbxs,VRVkk5IJ5H0,4,,
BmnneMAnqnq,201809,UZlFjPJGpjz,xP7pDf7Dsya,VRVkk5IJ5H0,9,,
L8ZohcoHQpw,201809,UZlFjPJGpjz,ABIsKSsz1ke,VRVkk5IJ5H0,5,,
L8ZohcoHQpw,201809,UZlFjPJGpjz,Zbe4xbi2Osh,VRVkk5IJ5H0,5,,
L8ZohcoHQpw,201809,UZlFjPJGpjz,NprB1YeySZ1,VRVkk5IJ5H0,9,,
L8ZohcoHQpw,201809,UZlFjPJGpjz,D7FGVRMeoB8,VRVkk5IJ5H0,1,,
L8ZohcoHQpw,201809,UZlFjPJGpjz,hTRfQPrXkDG,VRVkk5IJ5H0,11,,
L8ZohcoHQpw,201809,UZlFjPJGpjz,Wtrxbv654Vd,VRVkk5IJ5H0,6,,
L8ZohcoHQpw,201809,UZlFjPJGpjz,Z0xiuBAeBaY,VRVkk5IJ5H0,10,,
L8ZohcoHQpw,201809,UZlFjPJGpjz,IqzcjvPWhlu,VRVkk5IJ5H0,15,,
L8ZohcoHQpw,201809,UZlFjPJGpjz,fUhfzH0SrHj,VRVkk5IJ5H0,13,,
L8ZohcoHQpw,201809,UZlFjPJGpjz,Ou9329wOYO9,VRVkk5IJ5H0,11,,
L8ZohcoHQpw,201809,UZlFjPJGpjz,P6xm6Ob3TDB,VRVkk5IJ5H0,3,,
L8ZohcoHQpw,201809,UZlFjPJGpjz,MtyMA4bXpot,VRVkk5IJ5H0,10,,
L8ZohcoHQpw,201809,UZlFjPJGpjz,eLYKadk1OdE,VRVkk5IJ5H0,13,,
L8ZohcoHQpw,201809,UZlFjPJGpjz,O5QIYGykkKJ,VRVkk5IJ5H0,24,,
L8ZohcoHQpw,201809,UZlFjPJGpjz,mMmt7tXj6Zf,VRVkk5IJ5H0,3,,
L8ZohcoHQpw,201809,UZlFjPJGpjz,dzbLsDNcBws,VRVkk5IJ5H0,15,,
RA3BHmKptFa,201809,UZlFjPJGpjz,VXwjfo8sEk0,VRVkk5IJ5H0,0,,
RA3BHmKptFa,201809,UZlFjPJGpjz,Zq840ykndYP,VRVkk5IJ5H0,0,,
EDA7THD76I9,201809,UZlFjPJGpjz,Gm6B7Z9Tbxs,VRVkk5IJ5H0,0,,
EDA7THD76I9,201809,UZlFjPJGpjz,xP7pDf7Dsya,VRVkk5IJ5H0,0,,
RA3BHmKptFa,201809,UZlFjPJGpjz,ABIsKSsz1ke,VRVkk5IJ5H0,0,,
RA3BHmKptFa,201809,UZlFjPJGpjz,Zbe4xbi2Osh,VRVkk5IJ5H0,1,,
RA3BHmKptFa,201809,UZlFjPJGpjz,NprB1YeySZ1,VRVkk5IJ5H0,1,,
RA3BHmKptFa,201809,UZlFjPJGpjz,D7FGVRMeoB8,VRVkk5IJ5H0,0,,
RA3BHmKptFa,201809,UZlFjPJGpjz,hTRfQPrXkDG,VRVkk5IJ5H0,2,,
RA3BHmKptFa,201809,UZlFjPJGpjz,Wtrxbv654Vd,VRVkk5IJ5H0,1,,
RA3BHmKptFa,201809,UZlFjPJGpjz,Z0xiuBAeBaY,VRVkk5IJ5H0,3,,
RA3BHmKptFa,201809,UZlFjPJGpjz,IqzcjvPWhlu,VRVkk5IJ5H0,2,,
RA3BHmKptFa,201809,UZlFjPJGpjz,fUhfzH0SrHj,VRVkk5IJ5H0,4,,
RA3BHmKptFa,201809,UZlFjPJGpjz,Ou9329wOYO9,VRVkk5IJ5H0,6,,
RA3BHmKptFa,201809,UZlFjPJGpjz,P6xm6Ob3TDB,VRVkk5IJ5H0,0,,
RA3BHmKptFa,201809,UZlFjPJGpjz,MtyMA4bXpot,VRVkk5IJ5H0,4,,
RA3BHmKptFa,201809,UZlFjPJGpjz,eLYKadk1OdE,VRVkk5IJ5H0,6,,
RA3BHmKptFa,201809,UZlFjPJGpjz,O5QIYGykkKJ,VRVkk5IJ5H0,12,,
RA3BHmKptFa,201809,UZlFjPJGpjz,mMmt7tXj6Zf,VRVkk5IJ5H0,1,,
RA3BHmKptFa,201809,UZlFjPJGpjz,dzbLsDNcBws,VRVkk5IJ5H0,6,,
aUeVEXsPC6s,201809,UZlFjPJGpjz,VXwjfo8sEk0,VRVkk5IJ5H0,0,,
aUeVEXsPC6s,201809,UZlFjPJGpjz,Zq840ykndYP,VRVkk5IJ5H0,0,,
lw03aBUFlGK,201809,UZlFjPJGpjz,Gm6B7Z9Tbxs,VRVkk5IJ5H0,0,,
lw03aBUFlGK,201809,UZlFjPJGpjz,xP7pDf7Dsya,VRVkk5IJ5H0,0,,
aUeVEXsPC6s,201809,UZlFjPJGpjz,ABIsKSsz1ke,VRVkk5IJ5H0,1,,
aUeVEXsPC6s,201809,UZlFjPJGpjz,Zbe4xbi2Osh,VRVkk5IJ5H0,1,,
aUeVEXsPC6s,201809,UZlFjPJGpjz,NprB1YeySZ1,VRVkk5IJ5H0,0,,
aUeVEXsPC6s,201809,UZlFjPJGpjz,D7FGVRMeoB8,VRVkk5IJ5H0,0,,
aUeVEXsPC6s,201809,UZlFjPJGpjz,hTRfQPrXkDG,VRVkk5IJ5H0,1,,
aUeVEXsPC6s,201809,UZlFjPJGpjz,Wtrxbv654Vd,VRVkk5IJ5H0,0,,
aUeVEXsPC6s,201809,UZlFjPJGpjz,Z0xiuBAeBaY,VRVkk5IJ5H0,1,,
aUeVEXsPC6s,201809,UZlFjPJGpjz,IqzcjvPWhlu,VRVkk5IJ5H0,3,,
aUeVEXsPC6s,201809,UZlFjPJGpjz,fUhfzH0SrHj,VRVkk5IJ5H0,1,,
aUeVEXsPC6s,201809,UZlFjPJGpjz,Ou9329wOYO9,VRVkk5IJ5H0,2,,
aUeVEXsPC6s,201809,UZlFjPJGpjz,P6xm6Ob3TDB,VRVkk5IJ5H0,0,,
aUeVEXsPC6s,201809,UZlFjPJGpjz,MtyMA4bXpot,VRVkk5IJ5H0,1,,
aUeVEXsPC6s,201809,UZlFjPJGpjz,eLYKadk1OdE,VRVkk5IJ5H0,1,,
aUeVEXsPC6s,201809,UZlFjPJGpjz,O5QIYGykkKJ,VRVkk5IJ5H0,0,,
aUeVEXsPC6s,201809,UZlFjPJGpjz,mMmt7tXj6Zf,VRVkk5IJ5H0,0,,
aUeVEXsPC6s,201809,UZlFjPJGpjz,dzbLsDNcBws,VRVkk5IJ5H0,0,,
EPygAwB3Nqr,201809,UZlFjPJGpjz,VXwjfo8sEk0,VRVkk5IJ5H0,0,,
EPygAwB3Nqr,201809,UZlFjPJGpjz,Zq840ykndYP,VRVkk5IJ5H0,0,,
VYmNVSw5EwE,201809,UZlFjPJGpjz,Gm6B7Z9Tbxs,VRVkk5IJ5H0,0,,
VYmNVSw5EwE,201809,UZlFjPJGpjz,xP7pDf7Dsya,VRVkk5IJ5H0,0,,
EPygAwB3Nqr,201809,UZlFjPJGpjz,ABIsKSsz1ke,VRVkk5IJ5H0,1,,
EPygAwB3Nqr,201809,UZlFjPJGpjz,Zbe4xbi2Osh,VRVkk5IJ5H0,1,,
EPygAwB3Nqr,201809,UZlFjPJGpjz,NprB1YeySZ1,VRVkk5IJ5H0,0,,
EPygAwB3Nqr,201809,UZlFjPJGpjz,D7FGVRMeoB8,VRVkk5IJ5H0,0,,
EPygAwB3Nqr,201809,UZlFjPJGpjz,hTRfQPrXkDG,VRVkk5IJ5H0,1,,
EPygAwB3Nqr,201809,UZlFjPJGpjz,Wtrxbv654Vd,VRVkk5IJ5H0,0,,
EPygAwB3Nqr,201809,UZlFjPJGpjz,Z0xiuBAeBaY,VRVkk5IJ5H0,1,,
EPygAwB3Nqr,201809,UZlFjPJGpjz,IqzcjvPWhlu,VRVkk5IJ5H0,3,,
EPygAwB3Nqr,201809,UZlFjPJGpjz,fUhfzH0SrHj,VRVkk5IJ5H0,1,,
EPygAwB3Nqr,201809,UZlFjPJGpjz,Ou9329wOYO9,VRVkk5IJ5H0,2,,
EPygAwB3Nqr,201809,UZlFjPJGpjz,P6xm6Ob3TDB,VRVkk5IJ5H0,0,,
EPygAwB3Nqr,201809,UZlFjPJGpjz,MtyMA4bXpot,VRVkk5IJ5H0,1,,
EPygAwB3Nqr,201809,UZlFjPJGpjz,eLYKadk1OdE,VRVkk5IJ5H0,1,,
EPygAwB3Nqr,201809,UZlFjPJGpjz,O5QIYGykkKJ,VRVkk5IJ5H0,0,,
EPygAwB3Nqr,201809,UZlFjPJGpjz,mMmt7tXj6Zf,VRVkk5IJ5H0,0,,
EPygAwB3Nqr,201809,UZlFjPJGpjz,dzbLsDNcBws,VRVkk5IJ5H0,0,,
vex3K65cBb0,201809,UZlFjPJGpjz,VXwjfo8sEk0,VRVkk5IJ5H0,0,,
vex3K65cBb0,201809,UZlFjPJGpjz,Zq840ykndYP,VRVkk5IJ5H0,0,,
p9NIdqueFHH,201809,UZlFjPJGpjz,Gm6B7Z9Tbxs,VRVkk5IJ5H0,0,,
p9NIdqueFHH,201809,UZlFjPJGpjz,xP7pDf7Dsya,VRVkk5IJ5H0,0,,
vex3K65cBb0,201809,UZlFjPJGpjz,ABIsKSsz1ke,VRVkk5IJ5H0,0,,
vex3K65cBb0,201809,UZlFjPJGpjz,Zbe4xbi2Osh,VRVkk5IJ5H0,0,,
vex3K65cBb0,201809,UZlFjPJGpjz,NprB1YeySZ1,VRVkk5IJ5H0,0,,
vex3K65cBb0,201809,UZlFjPJGpjz,D7FGVRMeoB8,VRVkk5IJ5H0,0,,
vex3K65cBb0,201809,UZlFjPJGpjz,hTRfQPrXkDG,VRVkk5IJ5H0,0,,
vex3K65cBb0,201809,UZlFjPJGpjz,Wtrxbv654Vd,VRVkk5IJ5H0,0,,
vex3K65cBb0,201809,UZlFjPJGpjz,Z0xiuBAeBaY,VRVkk5IJ5H0,0,,
vex3K65cBb0,201809,UZlFjPJGpjz,IqzcjvPWhlu,VRVkk5IJ5H0,0,,
vex3K65cBb0,201809,UZlFjPJGpjz,fUhfzH0SrHj,VRVkk5IJ5H0,0,,
vex3K65cBb0,201809,UZlFjPJGpjz,Ou9329wOYO9,VRVkk5IJ5H0,0,,
vex3K65cBb0,201809,UZlFjPJGpjz,P6xm6Ob3TDB,VRVkk5IJ5H0,0,,
vex3K65cBb0,201809,UZlFjPJGpjz,MtyMA4bXpot,VRVkk5IJ5H0,0,,
vex3K65cBb0,201809,UZlFjPJGpjz,eLYKadk1OdE,VRVkk5IJ5H0,0,,
vex3K65cBb0,201809,UZlFjPJGpjz,O5QIYGykkKJ,VRVkk5IJ5H0,0,,
vex3K65cBb0,201809,UZlFjPJGpjz,mMmt7tXj6Zf,VRVkk5IJ5H0,0,,
vex3K65cBb0,201809,UZlFjPJGpjz,dzbLsDNcBws,VRVkk5IJ5H0,0,,
dfXVm8YQ3Bu,201809,UZlFjPJGpjz,VXwjfo8sEk0,VRVkk5IJ5H0,0,,
dfXVm8YQ3Bu,201809,UZlFjPJGpjz,Zq840ykndYP,VRVkk5IJ5H0,0,,
k52xNwNB3mh,201809,UZlFjPJGpjz,Gm6B7Z9Tbxs,VRVkk5IJ5H0,0,,
k52xNwNB3mh,201809,UZlFjPJGpjz,xP7pDf7Dsya,VRVkk5IJ5H0,0,,
dfXVm8YQ3Bu,201809,UZlFjPJGpjz,ABIsKSsz1ke,VRVkk5IJ5H0,0,,
dfXVm8YQ3Bu,201809,UZlFjPJGpjz,Zbe4xbi2Osh,VRVkk5IJ5H0,0,,
dfXVm8YQ3Bu,201809,UZlFjPJGpjz,NprB1YeySZ1,VRVkk5IJ5H0,0,,
dfXVm8YQ3Bu,201809,UZlFjPJGpjz,D7FGVRMeoB8,VRVkk5IJ5H0,0,,
dfXVm8YQ3Bu,201809,UZlFjPJGpjz,hTRfQPrXkDG,VRVkk5IJ5H0,0,,
dfXVm8YQ3Bu,201809,UZlFjPJGpjz,Wtrxbv654Vd,VRVkk5IJ5H0,0,,
dfXVm8YQ3Bu,201809,UZlFjPJGpjz,Z0xiuBAeBaY,VRVkk5IJ5H0,0,,
dfXVm8YQ3Bu,201809,UZlFjPJGpjz,IqzcjvPWhlu,VRVkk5IJ5H0,0,,
dfXVm8YQ3Bu,201809,UZlFjPJGpjz,fUhfzH0SrHj,VRVkk5IJ5H0,0,,
dfXVm8YQ3Bu,201809,UZlFjPJGpjz,Ou9329wOYO9,VRVkk5IJ5H0,0,,
dfXVm8YQ3Bu,201809,UZlFjPJGpjz,P6xm6Ob3TDB,VRVkk5IJ5H0,0,,
dfXVm8YQ3Bu,201809,UZlFjPJGpjz,MtyMA4bXpot,VRVkk5IJ5H0,0,,
dfXVm8YQ3Bu,201809,UZlFjPJGpjz,eLYKadk1OdE,VRVkk5IJ5H0,0,,
dfXVm8YQ3Bu,201809,UZlFjPJGpjz,O5QIYGykkKJ,VRVkk5IJ5H0,0,,
dfXVm8YQ3Bu,201809,UZlFjPJGpjz,mMmt7tXj6Zf,VRVkk5IJ5H0,0,,
dfXVm8YQ3Bu,201809,UZlFjPJGpjz,dzbLsDNcBws,VRVkk5IJ5H0,0,,
iv7TryIoEbN,201809,UZlFjPJGpjz,VXwjfo8sEk0,VRVkk5IJ5H0,0,,
iv7TryIoEbN,201809,UZlFjPJGpjz,Zq840ykndYP,VRVkk5IJ5H0,0,,
uPZzBgEuTAu,201809,UZlFjPJGpjz,Gm6B7Z9Tbxs,VRVkk5IJ5H0,0,,
uPZzBgEuTAu,201809,UZlFjPJGpjz,xP7pDf7Dsya,VRVkk5IJ5H0,2,,
iv7TryIoEbN,201809,UZlFjPJGpjz,ABIsKSsz1ke,VRVkk5IJ5H0,3,,
iv7TryIoEbN,201809,UZlFjPJGpjz,Zbe4xbi2Osh,VRVkk5IJ5H0,6,,
iv7TryIoEbN,201809,UZlFjPJGpjz,NprB1YeySZ1,VRVkk5IJ5H0,44,,
iv7TryIoEbN,201809,UZlFjPJGpjz,D7FGVRMeoB8,VRVkk5IJ5H0,32,,
iv7TryIoEbN,201809,UZlFjPJGpjz,hTRfQPrXkDG,VRVkk5IJ5H0,152,,
iv7TryIoEbN,201809,UZlFjPJGpjz,Wtrxbv654Vd,VRVkk5IJ5H0,125,,
iv7TryIoEbN,201809,UZlFjPJGpjz,Z0xiuBAeBaY,VRVkk5IJ5H0,108,,
iv7TryIoEbN,201809,UZlFjPJGpjz,IqzcjvPWhlu,VRVkk5IJ5H0,151,,
iv7TryIoEbN,201809,UZlFjPJGpjz,fUhfzH0SrHj,VRVkk5IJ5H0,89,,
iv7TryIoEbN,201809,UZlFjPJGpjz,Ou9329wOYO9,VRVkk5IJ5H0,90,,
iv7TryIoEbN,201809,UZlFjPJGpjz,P6xm6Ob3TDB,VRVkk5IJ5H0,76,,
iv7TryIoEbN,201809,UZlFjPJGpjz,MtyMA4bXpot,VRVkk5IJ5H0,89,,
iv7TryIoEbN,201809,UZlFjPJGpjz,eLYKadk1OdE,VRVkk5IJ5H0,30,,
iv7TryIoEbN,201809,UZlFjPJGpjz,O5QIYGykkKJ,VRVkk5IJ5H0,36,,
iv7TryIoEbN,201809,UZlFjPJGpjz,mMmt7tXj6Zf,VRVkk5IJ5H0,52,,
iv7TryIoEbN,201809,UZlFjPJGpjz,dzbLsDNcBws,VRVkk5IJ5H0,78,,
Erk7WTGBCWp,201809,UZlFjPJGpjz,VXwjfo8sEk0,VRVkk5IJ5H0,0,,
Erk7WTGBCWp,201809,UZlFjPJGpjz,Zq840ykndYP,VRVkk5IJ5H0,0,,
yuPuRNEuPAf,201809,UZlFjPJGpjz,Gm6B7Z9Tbxs,VRVkk5IJ5H0,0,,
yuPuRNEuPAf,201809,UZlFjPJGpjz,xP7pDf7Dsya,VRVkk5IJ5H0,4,,
Erk7WTGBCWp,201809,UZlFjPJGpjz,ABIsKSsz1ke,VRVkk5IJ5H0,4,,
Erk7WTGBCWp,201809,UZlFjPJGpjz,Zbe4xbi2Osh,VRVkk5IJ5H0,10,,
Erk7WTGBCWp,201809,UZlFjPJGpjz,NprB1YeySZ1,VRVkk5IJ5H0,45,,
Erk7WTGBCWp,201809,UZlFjPJGpjz,D7FGVRMeoB8,VRVkk5IJ5H0,36,,
Erk7WTGBCWp,201809,UZlFjPJGpjz,hTRfQPrXkDG,VRVkk5IJ5H0,155,,
Erk7WTGBCWp,201809,UZlFjPJGpjz,Wtrxbv654Vd,VRVkk5IJ5H0,127,,
Erk7WTGBCWp,201809,UZlFjPJGpjz,Z0xiuBAeBaY,VRVkk5IJ5H0,110,,
Erk7WTGBCWp,201809,UZlFjPJGpjz,IqzcjvPWhlu,VRVkk5IJ5H0,155,,
Erk7WTGBCWp,201809,UZlFjPJGpjz,fUhfzH0SrHj,VRVkk5IJ5H0,92,,
Erk7WTGBCWp,201809,UZlFjPJGpjz,Ou9329wOYO9,VRVkk5IJ5H0,90,,
Erk7WTGBCWp,201809,UZlFjPJGpjz,P6xm6Ob3TDB,VRVkk5IJ5H0,79,,
Erk7WTGBCWp,201809,UZlFjPJGpjz,MtyMA4bXpot,VRVkk5IJ5H0,91,,
Erk7WTGBCWp,201809,UZlFjPJGpjz,eLYKadk1OdE,VRVkk5IJ5H0,34,,
Erk7WTGBCWp,201809,UZlFjPJGpjz,O5QIYGykkKJ,VRVkk5IJ5H0,41,,
Erk7WTGBCWp,201809,UZlFjPJGpjz,mMmt7tXj6Zf,VRVkk5IJ5H0,66,,
Erk7WTGBCWp,201809,UZlFjPJGpjz,dzbLsDNcBws,VRVkk5IJ5H0,96,,
iDTjBi7RXhI,201809,UZlFjPJGpjz,VXwjfo8sEk0,VRVkk5IJ5H0,0,,
iDTjBi7RXhI,201809,UZlFjPJGpjz,Zq840ykndYP,VRVkk5IJ5H0,0,,
oJYMK0zAMSa,201809,UZlFjPJGpjz,Gm6B7Z9Tbxs,VRVkk5IJ5H0,0,,
oJYMK0zAMSa,201809,UZlFjPJGpjz,xP7pDf7Dsya,VRVkk5IJ5H0,0,,
iDTjBi7RXhI,201809,UZlFjPJGpjz,ABIsKSsz1ke,VRVkk5IJ5H0,0,,
iDTjBi7RXhI,201809,UZlFjPJGpjz,Zbe4xbi2Osh,VRVkk5IJ5H0,0,,
iDTjBi7RXhI,201809,UZlFjPJGpjz,NprB1YeySZ1,VRVkk5IJ5H0,0,,
iDTjBi7RXhI,201809,UZlFjPJGpjz,D7FGVRMeoB8,VRVkk5IJ5H0,0,,
iDTjBi7RXhI,201809,UZlFjPJGpjz,hTRfQPrXkDG,VRVkk5IJ5H0,0,,
iDTjBi7RXhI,201809,UZlFjPJGpjz,Wtrxbv654Vd,VRVkk5IJ5H0,0,,
iDTjBi7RXhI,201809,UZlFjPJGpjz,Z0xiuBAeBaY,VRVkk5IJ5H0,0,,
iDTjBi7RXhI,201809,UZlFjPJGpjz,IqzcjvPWhlu,VRVkk5IJ5H0,0,,
iDTjBi7RXhI,201809,UZlFjPJGpjz,fUhfzH0SrHj,VRVkk5IJ5H0,1,,
iDTjBi7RXhI,201809,UZlFjPJGpjz,Ou9329wOYO9,VRVkk5IJ5H0,1,,
iDTjBi7RXhI,201809,UZlFjPJGpjz,P6xm6Ob3TDB,VRVkk5IJ5H0,2,,
iDTjBi7RXhI,201809,UZlFjPJGpjz,MtyMA4bXpot,VRVkk5IJ5H0,1,,
iDTjBi7RXhI,201809,UZlFjPJGpjz,eLYKadk1OdE,VRVkk5IJ5H0,2,,
iDTjBi7RXhI,201809,UZlFjPJGpjz,O5QIYGykkKJ,VRVkk5IJ5H0,2,,
iDTjBi7RXhI,201809,UZlFjPJGpjz,mMmt7tXj6Zf,VRVkk5IJ5H0,0,,
iDTjBi7RXhI,201809,UZlFjPJGpjz,dzbLsDNcBws,VRVkk5IJ5H0,2,,
jKQJKeNRrTO,201809,UZlFjPJGpjz,VXwjfo8sEk0,VRVkk5IJ5H0,0,,
jKQJKeNRrTO,201809,UZlFjPJGpjz,Zq840ykndYP,VRVkk5IJ5H0,0,,
uF5l912F3NN,201809,UZlFjPJGpjz,Gm6B7Z9Tbxs,VRVkk5IJ5H0,0,,
uF5l912F3NN,201809,UZlFjPJGpjz,xP7pDf7Dsya,VRVkk5IJ5H0,2,,
jKQJKeNRrTO,201809,UZlFjPJGpjz,ABIsKSsz1ke,VRVkk5IJ5H0,3,,
jKQJKeNRrTO,201809,UZlFjPJGpjz,Zbe4xbi2Osh,VRVkk5IJ5H0,6,,
jKQJKeNRrTO,201809,UZlFjPJGpjz,NprB1YeySZ1,VRVkk5IJ5H0,44,,
jKQJKeNRrTO,201809,UZlFjPJGpjz,D7FGVRMeoB8,VRVkk5IJ5H0,32,,
jKQJKeNRrTO,201809,UZlFjPJGpjz,hTRfQPrXkDG,VRVkk5IJ5H0,151,,
jKQJKeNRrTO,201809,UZlFjPJGpjz,Wtrxbv654Vd,VRVkk5IJ5H0,122,,
jKQJKeNRrTO,201809,UZlFjPJGpjz,Z0xiuBAeBaY,VRVkk5IJ5H0,100,,
jKQJKeNRrTO,201809,UZlFjPJGpjz,IqzcjvPWhlu,VRVkk5IJ5H0,145,,
jKQJKeNRrTO,201809,UZlFjPJGpjz,fUhfzH0SrHj,VRVkk5IJ5H0,85,,
jKQJKeNRrTO,201809,UZlFjPJGpjz,Ou9329wOYO9,VRVkk5IJ5H0,82,,
jKQJKeNRrTO,201809,UZlFjPJGpjz,P6xm6Ob3TDB,VRVkk5IJ5H0,69,,
jKQJKeNRrTO,201809,UZlFjPJGpjz,MtyMA4bXpot,VRVkk5IJ5H0,85,,
jKQJKeNRrTO,201809,UZlFjPJGpjz,eLYKadk1OdE,VRVkk5IJ5H0,27,,
jKQJKeNRrTO,201809,UZlFjPJGpjz,O5QIYGykkKJ,VRVkk5IJ5H0,31,,
jKQJKeNRrTO,201809,UZlFjPJGpjz,mMmt7tXj6Zf,VRVkk5IJ5H0,52,,
jKQJKeNRrTO,201809,UZlFjPJGpjz,dzbLsDNcBws,VRVkk5IJ5H0,83,,
kMvvAdYA5Jd,201809,UZlFjPJGpjz,VXwjfo8sEk0,VRVkk5IJ5H0,0,,
kMvvAdYA5Jd,201809,UZlFjPJGpjz,Zq840ykndYP,VRVkk5IJ5H0,0,,
EfQYOEHXabh,201809,UZlFjPJGpjz,Gm6B7Z9Tbxs,VRVkk5IJ5H0,0,,
EfQYOEHXabh,201809,UZlFjPJGpjz,xP7pDf7Dsya,VRVkk5IJ5H0,2,,
kMvvAdYA5Jd,201809,UZlFjPJGpjz,ABIsKSsz1ke,VRVkk5IJ5H0,3,,
kMvvAdYA5Jd,201809,UZlFjPJGpjz,Zbe4xbi2Osh,VRVkk5IJ5H0,6,,
kMvvAdYA5Jd,201809,UZlFjPJGpjz,NprB1YeySZ1,VRVkk5IJ5H0,44,,
kMvvAdYA5Jd,201809,UZlFjPJGpjz,D7FGVRMeoB8,VRVkk5IJ5H0,32,,
kMvvAdYA5Jd,201809,UZlFjPJGpjz,hTRfQPrXkDG,VRVkk5IJ5H0,151,,
kMvvAdYA5Jd,201809,UZlFjPJGpjz,Wtrxbv654Vd,VRVkk5IJ5H0,122,,
kMvvAdYA5Jd,201809,UZlFjPJGpjz,Z0xiuBAeBaY,VRVkk5IJ5H0,100,,
kMvvAdYA5Jd,201809,UZlFjPJGpjz,IqzcjvPWhlu,VRVkk5IJ5H0,145,,
kMvvAdYA5Jd,201809,UZlFjPJGpjz,fUhfzH0SrHj,VRVkk5IJ5H0,85,,
kMvvAdYA5Jd,201809,UZlFjPJGpjz,Ou9329wOYO9,VRVkk5IJ5H0,82,,
kMvvAdYA5Jd,201809,UZlFjPJGpjz,P6xm6Ob3TDB,VRVkk5IJ5H0,69,,
kMvvAdYA5Jd,201809,UZlFjPJGpjz,MtyMA4bXpot,VRVkk5IJ5H0,85,,
kMvvAdYA5Jd,201809,UZlFjPJGpjz,eLYKadk1OdE,VRVkk5IJ5H0,27,,
kMvvAdYA5Jd,201809,UZlFjPJGpjz,O5QIYGykkKJ,VRVkk5IJ5H0,31,,
kMvvAdYA5Jd,201809,UZlFjPJGpjz,mMmt7tXj6Zf,VRVkk5IJ5H0,52,,
kMvvAdYA5Jd,201809,UZlFjPJGpjz,dzbLsDNcBws,VRVkk5IJ5H0,83,,
jPhZsGEx33H,201809,UZlFjPJGpjz,VXwjfo8sEk0,VRVkk5IJ5H0,0,,
jPhZsGEx33H,201809,UZlFjPJGpjz,Zq840ykndYP,VRVkk5IJ5H0,0,,
PB0S8Kyfo36,201809,UZlFjPJGpjz,Gm6B7Z9Tbxs,VRVkk5IJ5H0,0,,
PB0S8Kyfo36,201809,UZlFjPJGpjz,xP7pDf7Dsya,VRVkk5IJ5H0,0,,
jPhZsGEx33H,201809,UZlFjPJGpjz,ABIsKSsz1ke,VRVkk5IJ5H0,0,,
jPhZsGEx33H,201809,UZlFjPJGpjz,Zbe4xbi2Osh,VRVkk5IJ5H0,0,,
jPhZsGEx33H,201809,UZlFjPJGpjz,NprB1YeySZ1,VRVkk5IJ5H0,0,,
jPhZsGEx33H,201809,UZlFjPJGpjz,D7FGVRMeoB8,VRVkk5IJ5H0,0,,
jPhZsGEx33H,201809,UZlFjPJGpjz,hTRfQPrXkDG,VRVkk5IJ5H0,4,,
jPhZsGEx33H,201809,UZlFjPJGpjz,Wtrxbv654Vd,VRVkk5IJ5H0,0,,
jPhZsGEx33H,201809,UZlFjPJGpjz,Z0xiuBAeBaY,VRVkk5IJ5H0,2,,
jPhZsGEx33H,201809,UZlFjPJGpjz,IqzcjvPWhlu,VRVkk5IJ5H0,2,,
jPhZsGEx33H,201809,UZlFjPJGpjz,fUhfzH0SrHj,VRVkk5IJ5H0,0,,
jPhZsGEx33H,201809,UZlFjPJGpjz,Ou9329wOYO9,VRVkk5IJ5H0,0,,
jPhZsGEx33H,201809,UZlFjPJGpjz,P6xm6Ob3TDB,VRVkk5IJ5H0,1,,
jPhZsGEx33H,201809,UZlFjPJGpjz,MtyMA4bXpot,VRVkk5IJ5H0,1,,
jPhZsGEx33H,201809,UZlFjPJGpjz,eLYKadk1OdE,VRVkk5IJ5H0,2,,
jPhZsGEx33H,201809,UZlFjPJGpjz,O5QIYGykkKJ,VRVkk5IJ5H0,1,,
jPhZsGEx33H,201809,UZlFjPJGpjz,mMmt7tXj6Zf,VRVkk5IJ5H0,0,,
jPhZsGEx33H,201809,UZlFjPJGpjz,dzbLsDNcBws,VRVkk5IJ5H0,0,,
J7cjoR6MGBX,201809,UZlFjPJGpjz,VXwjfo8sEk0,VRVkk5IJ5H0,0,,
J7cjoR6MGBX,201809,UZlFjPJGpjz,Zq840ykndYP,VRVkk5IJ5H0,0,,
FvYIvQKkH3E,201809,UZlFjPJGpjz,Gm6B7Z9Tbxs,VRVkk5IJ5H0,0,,
FvYIvQKkH3E,201809,UZlFjPJGpjz,xP7pDf7Dsya,VRVkk5IJ5H0,0,,
J7cjoR6MGBX,201809,UZlFjPJGpjz,ABIsKSsz1ke,VRVkk5IJ5H0,0,,
J7cjoR6MGBX,201809,UZlFjPJGpjz,Zbe4xbi2Osh,VRVkk5IJ5H0,0,,
J7cjoR6MGBX,201809,UZlFjPJGpjz,NprB1YeySZ1,VRVkk5IJ5H0,0,,
J7cjoR6MGBX,201809,UZlFjPJGpjz,D7FGVRMeoB8,VRVkk5IJ5H0,0,,
J7cjoR6MGBX,201809,UZlFjPJGpjz,hTRfQPrXkDG,VRVkk5IJ5H0,4,,
J7cjoR6MGBX,201809,UZlFjPJGpjz,Wtrxbv654Vd,VRVkk5IJ5H0,0,,
J7cjoR6MGBX,201809,UZlFjPJGpjz,Z0xiuBAeBaY,VRVkk5IJ5H0,1,,
J7cjoR6MGBX,201809,UZlFjPJGpjz,IqzcjvPWhlu,VRVkk5IJ5H0,2,,
J7cjoR6MGBX,201809,UZlFjPJGpjz,fUhfzH0SrHj,VRVkk5IJ5H0,0,,
J7cjoR6MGBX,201809,UZlFjPJGpjz,Ou9329wOYO9,VRVkk5IJ5H0,0,,
J7cjoR6MGBX,201809,UZlFjPJGpjz,P6xm6Ob3TDB,VRVkk5IJ5H0,1,,
J7cjoR6MGBX,201809,UZlFjPJGpjz,MtyMA4bXpot,VRVkk5IJ5H0,1,,
J7cjoR6MGBX,201809,UZlFjPJGpjz,eLYKadk1OdE,VRVkk5IJ5H0,1,,
J7cjoR6MGBX,201809,UZlFjPJGpjz,O5QIYGykkKJ,VRVkk5IJ5H0,1,,
J7cjoR6MGBX,201809,UZlFjPJGpjz,mMmt7tXj6Zf,VRVkk5IJ5H0,0,,
J7cjoR6MGBX,201809,UZlFjPJGpjz,dzbLsDNcBws,VRVkk5IJ5H0,0,,
